customerNumber,customerName,contactLastName,contactFirstName,phone,addressLine1,addressLine2,city,state,postalCode,country,salesRepEmployeeNumber,creditLimit,orderNumber,orderDate,requiredDate,shippedDate,status,comments,min,max,sum,mean,std
103,Atelier graphique,Schmitt,Carine ,40.32.2555,"54, rue Royale",,Nantes,,44000,France,1370,21000.00,10123,2003-05-20,2003-05-29,2003-05-22,Shipped,,2163.5,5282.64,14571.44,3642.86,1322.8915373025366
103,Atelier graphique,Schmitt,Carine ,40.32.2555,"54, rue Royale",,Nantes,,44000,France,1370,21000.00,10298,2004-09-27,2004-10-05,2004-10-01,Shipped,,1938.24,4128.54,6066.78,3033.39,1548.7759828328951
103,Atelier graphique,Schmitt,Carine ,40.32.2555,"54, rue Royale",,Nantes,,44000,France,1370,21000.00,10345,2004-11-25,2004-12-01,2004-11-26,Shipped,,557.6,7573.500000000001,20564.45,2570.55625,2178.832190312295
350,Marseille Mini Autos,Lebihan,Laurence ,91.24.4555,"12, rue des Bouchers",,Marseille,,13008,France,1337,65000.00,10344,2004-11-25,2004-12-02,2004-11-29,Shipped,,557.6,7573.500000000001,20564.45,2570.55625,2178.832190312295
112,Signal Gift Stores,King,Jean,7025551838,8489 Strong St.,,Las Vegas,NV,83030,USA,1166,71800.00,10124,2003-05-21,2003-05-29,2003-05-25,Shipped,Customer very concerned about the exact color of the models. There is high risk that he may dispute the order because there is a slight color mismatch,798.38,4704.92,40207.06,2680.4706666666666,1255.0522621074206
114,"Australian Collectors, Co.",Ferguson,Peter,03 9520 4555,636 St Kilda Road,Level 3,Melbourne,Victoria,3004,Australia,1611,117300.00,10125,2003-05-21,2003-05-27,2003-05-24,Shipped,,798.38,4704.92,40207.06,2680.4706666666666,1255.0522621074206
112,Signal Gift Stores,King,Jean,7025551838,8489 Strong St.,,Las Vegas,NV,83030,USA,1166,71800.00,10278,2004-08-06,2004-08-16,2004-08-09,Shipped,,1158.78,7041.3,33347.88,3334.788,1676.1478624764716
112,Signal Gift Stores,King,Jean,7025551838,8489 Strong St.,,Las Vegas,NV,83030,USA,1166,71800.00,10346,2004-11-29,2004-12-05,2004-11-30,Shipped,,848.54,5657.4000000000015,56186.74,3121.4855555555555,1357.5650709969118
114,"Australian Collectors, Co.",Ferguson,Peter,03 9520 4555,636 St Kilda Road,Level 3,Melbourne,Victoria,3004,Australia,1611,117300.00,10347,2004-11-29,2004-12-07,2004-11-30,Shipped,Can we deliver the new Ford Mustang models by end-of-quarter?,848.54,5657.4000000000015,56186.74,3121.4855555555555,1357.5650709969118
114,"Australian Collectors, Co.",Ferguson,Peter,03 9520 4555,636 St Kilda Road,Level 3,Melbourne,Victoria,3004,Australia,1611,117300.00,10120,2003-04-29,2003-05-08,2003-05-01,Shipped,,1962.48,7304.8,45864.03,3057.6020000000003,1393.2557558887536
114,"Australian Collectors, Co.",Ferguson,Peter,03 9520 4555,636 St Kilda Road,Level 3,Melbourne,Victoria,3004,Australia,1611,117300.00,10223,2004-02-20,2004-02-29,2004-02-24,Shipped,,1334.6,9299.71,44894.73999999999,2992.9826666666663,2009.3413338044975
114,"Australian Collectors, Co.",Ferguson,Peter,03 9520 4555,636 St Kilda Road,Level 3,Melbourne,Victoria,3004,Australia,1611,117300.00,10342,2004-11-24,2004-12-01,2004-11-29,Shipped,,1084.89,8667.9,125129.55,3575.13,1836.4872798393578
216,Enaco Distributors,Saavedra,Eduardo ,(93) 203 4555,"Rambla de Cataluña, 23",,Barcelona,,08022,Spain,1702,60300.00,10340,2004-11-24,2004-12-01,2004-11-25,Shipped,Customer is interested in buying more Ferrari models,1084.89,8667.9,125129.55,3575.13,1836.4872798393578
353,Reims Collectables,Henriot,Paul ,26.47.1555,59 rue de l'Abbaye,,Reims,,51100,France,1337,81100.00,10343,2004-11-24,2004-12-01,2004-11-26,Shipped,,1084.89,8667.9,125129.55,3575.13,1836.4872798393578
382,Salzburg Collectables,Pipps,Georg ,6562-9555,Geislweg 14,,Salzburg,,5020,Austria,1401,71700.00,10341,2004-11-24,2004-12-01,2004-11-29,Shipped,,1084.89,8667.9,125129.55,3575.13,1836.4872798393578
119,La Rochelle Gifts,Labrune,Janine ,40.67.8555,"67, rue des Cinquante Otages",,Nantes,,44000,France,1370,118200.00,10275,2004-07-23,2004-08-02,2004-07-29,Shipped,,1525.7,5577.480000000001,47924.19,2662.455,1101.9390252440844
119,La Rochelle Gifts,Labrune,Janine ,40.67.8555,"67, rue des Cinquante Otages",,Nantes,,44000,France,1370,118200.00,10315,2004-10-29,2004-11-08,2004-10-30,Shipped,,1890.48,3914.05,19501.82,2785.974285714285,709.4152556121402
119,La Rochelle Gifts,Labrune,Janine ,40.67.8555,"67, rue des Cinquante Otages",,Nantes,,44000,France,1370,118200.00,10375,2005-02-03,2005-02-10,2005-02-06,Shipped,,1205.2,8317.8,49523.66999999999,3301.5779999999995,2012.7275528787154
119,La Rochelle Gifts,Labrune,Janine ,40.67.8555,"67, rue des Cinquante Otages",,Nantes,,44000,France,1370,118200.00,10425,2005-05-31,2005-06-07,,In Process,,553.52,10072.0,70933.74,3733.354736842106,2335.5600754883626
141,Euro+ Shopping Channel,Freyre,Diego ,(91) 555 94 44,"C/ Moralzarzal, 86",,Madrid,,28034,Spain,1370,227600.00,10424,2005-05-31,2005-06-08,,In Process,,553.52,10072.0,70933.74,3733.354736842106,2335.5600754883626
121,Baane Mini Imports,Bergulfsen,Jonas ,07-98 9555,Erling Skakkes gate 78,,Stavern,,4110,Norway,1504,81700.00,10103,2003-01-29,2003-02-07,2003-02-02,Shipped,,1283.48,5571.8,50218.95,3138.6843750000007,1168.2803032147654
121,Baane Mini Imports,Bergulfsen,Jonas ,07-98 9555,Erling Skakkes gate 78,,Stavern,,4110,Norway,1504,81700.00,10158,2003-10-10,2003-10-18,2003-10-15,Shipped,,1148.91,7737.9299999999985,56174.06,2956.52947368421,1679.5527616087222
321,Corporate Gift Ideas Co.,Brown,Julie,6505551386,7734 Strong St.,,San Francisco,CA,94217,USA,1165,105000.00,10159,2003-10-10,2003-10-19,2003-10-16,Shipped,,1148.91,7737.9299999999985,56174.06,2956.52947368421,1679.5527616087222
121,Baane Mini Imports,Bergulfsen,Jonas ,07-98 9555,Erling Skakkes gate 78,,Stavern,,4110,Norway,1504,81700.00,10309,2004-10-15,2004-10-24,2004-10-18,Shipped,,1429.44,4694.5,60216.08,2737.094545454545,910.5888202106596
319,Mini Classics,Frick,Steve,9145554562,3758 North Pendale Street,,White Plains,NY,24067,USA,1323,102700.00,10308,2004-10-15,2004-10-24,2004-10-20,Shipped,Customer requested that FedEx Ground is used for this shipping,1429.44,4694.5,60216.08,2737.094545454545,910.5888202106596
121,Baane Mini Imports,Bergulfsen,Jonas ,07-98 9555,Erling Skakkes gate 78,,Stavern,,4110,Norway,1504,81700.00,10325,2004-11-05,2004-11-13,2004-11-08,Shipped,,880.5,8116.5,86504.95999999998,3460.1983999999993,1739.8459067823599
128,"Blauer See Auto, Co.",Keitel,Roland,+49 69 66 90 2555,Lyonerstr. 34,,Frankfurt,,60528,Germany,1504,59700.00,10323,2004-11-05,2004-11-12,2004-11-09,Shipped,,880.5,8116.5,86504.95999999998,3460.1983999999993,1739.8459067823599
181,Vitachrome Inc.,Frick,Michael,2125551500,2678 Kingston Rd.,Suite 101,NYC,NY,10022,USA,1286,76400.00,10324,2004-11-05,2004-11-11,2004-11-08,Shipped,,880.5,8116.5,86504.95999999998,3460.1983999999993,1739.8459067823599
124,Mini Gifts Distributors Ltd.,Nelson,Susan,4155551450,5677 Strong St.,,San Rafael,CA,97562,USA,1165,210500.00,10113,2003-03-26,2003-04-02,2003-03-27,Shipped,,1352.86,4973.5,11044.3,2761.0750000000007,1557.5287873958114
124,Mini Gifts Distributors Ltd.,Nelson,Susan,4155551450,5677 Strong St.,,San Rafael,CA,97562,USA,1165,210500.00,10135,2003-07-02,2003-07-12,2003-07-03,Shipped,,687.2,7273.1399999999985,55601.84,3270.696470588236,1941.5245647104919
124,Mini Gifts Distributors Ltd.,Nelson,Susan,4155551450,5677 Strong St.,,San Rafael,CA,97562,USA,1165,210500.00,10142,2003-08-08,2003-08-16,2003-08-13,Shipped,,1831.44,7720.18,56052.56000000001,3503.285000000001,1705.450052942038
124,Mini Gifts Distributors Ltd.,Nelson,Susan,4155551450,5677 Strong St.,,San Rafael,CA,97562,USA,1165,210500.00,10182,2003-11-12,2003-11-21,2003-11-18,Shipped,,802.24,7031.200000000002,100153.92999999996,2945.703823529411,1576.8294135999713
167,Herkku Gifts,Oeztan,Veysel,+47 2267 3215,Brehmen St. 121,PR 334 Sentrum,Bergen,,N 5804,Norway  ,1504,96800.00,10181,2003-11-12,2003-11-19,2003-11-15,Shipped,,802.24,7031.200000000002,100153.92999999996,2945.703823529411,1576.8294135999713
124,Mini Gifts Distributors Ltd.,Nelson,Susan,4155551450,5677 Strong St.,,San Rafael,CA,97562,USA,1165,210500.00,10229,2004-03-11,2004-03-20,2004-03-12,Shipped,,1143.45,6944.0,43369.3,3097.807142857143,1804.2982184022878
124,Mini Gifts Distributors Ltd.,Nelson,Susan,4155551450,5677 Strong St.,,San Rafael,CA,97562,USA,1165,210500.00,10271,2004-07-20,2004-07-29,2004-07-23,Shipped,,1088.32,7368.000000000001,61146.58999999999,3596.8582352941166,1893.234209756004
157,Diecast Classics Inc.,Leong,Kelvin,2155551555,7586 Pompton St.,,Allentown,PA,70267,USA,1216,100600.00,10272,2004-07-20,2004-07-26,2004-07-22,Shipped,,1088.32,7368.000000000001,61146.58999999999,3596.8582352941166,1893.234209756004
124,Mini Gifts Distributors Ltd.,Nelson,Susan,4155551450,5677 Strong St.,,San Rafael,CA,97562,USA,1165,210500.00,10282,2004-08-20,2004-08-26,2004-08-22,Shipped,,1441.59,7241.83,85507.56,3166.9466666666667,1335.3458003367227
260,"Royal Canadian Collectables, Ltd.",Lincoln,Elizabeth ,(604) 555-4555,23 Tsawassen Blvd.,,Tsawassen,BC,T2F 8M4,Canada,1323,89600.00,10283,2004-08-20,2004-08-30,2004-08-23,Shipped,,1441.59,7241.83,85507.56,3166.9466666666667,1335.3458003367227
124,Mini Gifts Distributors Ltd.,Nelson,Susan,4155551450,5677 Strong St.,,San Rafael,CA,97562,USA,1165,210500.00,10312,2004-10-21,2004-10-27,2004-10-23,Shipped,,999.58,10286.4,55639.66000000001,3272.921176470589,2403.7460089745405
124,Mini Gifts Distributors Ltd.,Nelson,Susan,4155551450,5677 Strong St.,,San Rafael,CA,97562,USA,1165,210500.00,10335,2004-11-19,2004-11-29,2004-11-23,Shipped,,1085.0400000000004,4983.79,29480.61,3275.623333333333,1470.9950958619816
144,"Volvo Model Replicas, Co",Berglund,Christina ,0921-12 3555,Berguvsvägen  8,,Luleå,,S-958 22,Sweden,1504,53100.00,10334,2004-11-19,2004-11-28,,On Hold,The outstaniding balance for this customer exceeds their credit limit. Order will be shipped when a payment is received.,1085.0400000000004,4983.79,29480.61,3275.623333333333,1470.9950958619816
124,Mini Gifts Distributors Ltd.,Nelson,Susan,4155551450,5677 Strong St.,,San Rafael,CA,97562,USA,1165,210500.00,10357,2004-12-10,2004-12-16,2004-12-14,Shipped,,1209.2400000000002,6377.6,84861.72,3535.905,1522.6268673407242
141,Euro+ Shopping Channel,Freyre,Diego ,(91) 555 94 44,"C/ Moralzarzal, 86",,Madrid,,28034,Spain,1370,227600.00,10358,2004-12-10,2004-12-16,2004-12-16,Shipped,Customer requested that DHL is used for this shipping,1209.2400000000002,6377.6,84861.72,3535.905,1522.6268673407242
124,Mini Gifts Distributors Ltd.,Nelson,Susan,4155551450,5677 Strong St.,,San Rafael,CA,97562,USA,1165,210500.00,10368,2005-01-19,2005-01-27,2005-01-24,Shipped,Can we renegotiate this one?,1679.92,3819.84,13874.750000000002,2774.9500000000007,972.0271400017593
124,Mini Gifts Distributors Ltd.,Nelson,Susan,4155551450,5677 Strong St.,,San Rafael,CA,97562,USA,1165,210500.00,10371,2005-01-23,2005-02-03,2005-01-25,Shipped,,887.4,5718.72,35137.54,2928.1283333333336,1590.5465094101996
124,Mini Gifts Distributors Ltd.,Nelson,Susan,4155551450,5677 Strong St.,,San Rafael,CA,97562,USA,1165,210500.00,10382,2005-02-17,2005-02-23,2005-02-18,Shipped,Custom shipping instructions sent to warehouse,1240.0,6557.76,80391.68,3654.167272727273,1445.1083313822196
321,Corporate Gift Ideas Co.,Brown,Julie,6505551386,7734 Strong St.,,San Francisco,CA,94217,USA,1165,105000.00,10381,2005-02-17,2005-02-25,2005-02-18,Shipped,,1240.0,6557.76,80391.68,3654.167272727273,1445.1083313822196
124,Mini Gifts Distributors Ltd.,Nelson,Susan,4155551450,5677 Strong St.,,San Rafael,CA,97562,USA,1165,210500.00,10385,2005-02-28,2005-03-09,2005-03-01,Shipped,,1550.0,2916.71,4466.71,2233.355,966.4099089154663
124,Mini Gifts Distributors Ltd.,Nelson,Susan,4155551450,5677 Strong St.,,San Rafael,CA,97562,USA,1165,210500.00,10390,2005-03-04,2005-03-11,2005-03-07,Shipped,They want to reevaluate their terms agreement with Finance.,1327.1899999999996,6761.499999999999,55902.49999999999,3493.9062499999995,1738.237972786906
124,Mini Gifts Distributors Ltd.,Nelson,Susan,4155551450,5677 Strong St.,,San Rafael,CA,97562,USA,1165,210500.00,10396,2005-03-23,2005-04-02,2005-03-28,Shipped,,2079.0,5138.76,27695.54,3461.9425,1234.4932421819312
124,Mini Gifts Distributors Ltd.,Nelson,Susan,4155551450,5677 Strong St.,,San Rafael,CA,97562,USA,1165,210500.00,10421,2005-05-29,2005-06-06,,In Process,Custom shipping instructions were sent to warehouse,529.35,6329.95,49890.60999999999,3326.0406666666663,1827.4984845038339
282,Souveniers And Things Co.,Huxley,Adrian,+61 2 9495 8555,Monitor Money Building,815 Pacific Hwy,Chatswood,NSW,2067,Australia,1611,93300.00,10420,2005-05-29,2005-06-07,,In Process,,529.35,6329.95,49890.60999999999,3326.0406666666663,1827.4984845038339
128,"Blauer See Auto, Co.",Keitel,Roland,+49 69 66 90 2555,Lyonerstr. 34,,Frankfurt,,60528,Germany,1504,59700.00,10101,2003-01-09,2003-01-18,2003-01-11,Shipped,Check on availability.,1463.85,4343.56,10549.01,2637.2525,1244.8664668784093
128,"Blauer See Auto, Co.",Keitel,Roland,+49 69 66 90 2555,Lyonerstr. 34,,Frankfurt,,60528,Germany,1504,59700.00,10230,2004-03-15,2004-03-24,2004-03-20,Shipped,Customer very concerned about the exact color of the models. There is high risk that he may dispute the order because there is a slight color mismatch,1706.4,7541.59,33820.62,4227.5775,2005.072941977424
128,"Blauer See Auto, Co.",Keitel,Roland,+49 69 66 90 2555,Lyonerstr. 34,,Frankfurt,,60528,Germany,1504,59700.00,10300,2003-10-04,2003-10-13,2003-10-09,Shipped,,1613.55,6099.72,24101.81,3012.72625,1432.2228146679404
129,Mini Wheels Co.,Murphy,Julie,6505555787,5557 North Pendale Street,,San Francisco,CA,94217,USA,1165,64600.00,10111,2003-03-25,2003-03-31,2003-03-30,Shipped,,1486.52,4052.75,16537.850000000002,2756.308333333334,939.7429666758172
129,Mini Wheels Co.,Murphy,Julie,6505555787,5557 North Pendale Street,,San Francisco,CA,94217,USA,1165,64600.00,10201,2003-12-01,2003-12-11,2003-12-02,Shipped,,1101.13,9394.28,48795.24,3049.7025,1936.1852105502026
211,"King Kong Collectables, Co.",Gao,Mike,+852 2251 1555,Bank of China Tower,1 Garden Road,Central Hong Kong,,,Hong Kong,1621,58600.00,10200,2003-12-01,2003-12-09,2003-12-06,Shipped,,1101.13,9394.28,48795.24,3049.7025,1936.1852105502026
475,West Coast Collectables Co.,Thompson,Steve,3105553722,3675 Furth Circle,,Burbank,CA,94019,USA,1166,55400.00,10199,2003-12-01,2003-12-10,2003-12-06,Shipped,,1101.13,9394.28,48795.24,3049.7025,1936.1852105502026
129,Mini Wheels Co.,Murphy,Julie,6505555787,5557 North Pendale Street,,San Francisco,CA,94217,USA,1165,64600.00,10333,2004-11-18,2004-11-27,2004-11-20,Shipped,,1014.24,4903.08,26248.78000000001,3281.097500000001,1273.0878108278987
131,Land of Toys Inc.,Lee,Kwai,2125557818,897 Long Airport Avenue,,NYC,NY,10022,USA,1323,114900.00,10107,2003-02-24,2003-03-03,2003-02-26,Shipped,Difficult to negotiate with customer. We need more marketing materials,1528.3000000000004,4653.72,22292.620000000006,2786.577500000001,1081.6675535982126
131,Land of Toys Inc.,Lee,Kwai,2125557818,897 Long Airport Avenue,,NYC,NY,10022,USA,1323,114900.00,10248,2004-05-07,2004-05-14,,Cancelled,Order was mistakenly placed. The warehouse noticed the lack of documentation.,1230.73,5898.72,41445.21,2960.372142857143,1218.6439637196913
131,Land of Toys Inc.,Lee,Kwai,2125557818,897 Long Airport Avenue,,NYC,NY,10022,USA,1323,114900.00,10292,2004-09-08,2004-09-18,2004-09-11,Shipped,They want to reevaluate their terms agreement with Finance.,1313.12,7770.37,84131.87,3235.8411538461537,1616.5110216990836
448,Scandinavian Gift Ideas,Larsson,Martha,0695-34 6555,Åkergatan 24,,Bräcke,,S-844 67,Sweden,1504,116400.00,10291,2004-09-08,2004-09-17,2004-09-14,Shipped,,1313.12,7770.37,84131.87,3235.8411538461537,1616.5110216990836
131,Land of Toys Inc.,Lee,Kwai,2125557818,897 Long Airport Avenue,,NYC,NY,10022,USA,1323,114900.00,10329,2004-11-15,2004-11-24,2004-11-16,Shipped,,1813.68,7498.9000000000015,50025.35,3335.023333333333,1517.780743419562
141,Euro+ Shopping Channel,Freyre,Diego ,(91) 555 94 44,"C/ Moralzarzal, 86",,Madrid,,28034,Spain,1370,227600.00,10104,2003-01-31,2003-02-09,2003-02-01,Shipped,,1338.04,4566.99,40206.2,3092.7846153846153,1148.5704253521374
141,Euro+ Shopping Channel,Freyre,Diego ,(91) 555 94 44,"C/ Moralzarzal, 86",,Madrid,,28034,Spain,1370,227600.00,10128,2003-06-06,2003-06-12,2003-06-11,Shipped,,2328.0,4928.2,13884.99,3471.2475,1076.8823455195402
141,Euro+ Shopping Channel,Freyre,Diego ,(91) 555 94 44,"C/ Moralzarzal, 86",,Madrid,,28034,Spain,1370,227600.00,10133,2003-06-27,2003-07-04,2003-07-03,Shipped,,1001.43,4486.22,22366.04,2795.755,1165.6000779120475
141,Euro+ Shopping Channel,Freyre,Diego ,(91) 555 94 44,"C/ Moralzarzal, 86",,Madrid,,28034,Spain,1370,227600.00,10153,2003-09-28,2003-10-05,2003-10-03,Shipped,,1652.61,7630.28,44939.85,3456.911538461539,1738.2663622262946
141,Euro+ Shopping Channel,Freyre,Diego ,(91) 555 94 44,"C/ Moralzarzal, 86",,Madrid,,28034,Spain,1370,227600.00,10156,2003-10-08,2003-10-17,2003-10-11,Shipped,,872.8,3726.72,4599.52,2299.76,2018.026184963912
141,Euro+ Shopping Channel,Freyre,Diego ,(91) 555 94 44,"C/ Moralzarzal, 86",,Madrid,,28034,Spain,1370,227600.00,10190,2003-11-19,2003-11-29,2003-11-20,Shipped,,1776.52,3771.6,10721.86,2680.465,826.9129130083771
141,Euro+ Shopping Channel,Freyre,Diego ,(91) 555 94 44,"C/ Moralzarzal, 86",,Madrid,,28034,Spain,1370,227600.00,10203,2003-12-02,2003-12-11,2003-12-07,Shipped,,697.8299999999998,7559.52,119076.1,3402.174285714286,1622.0551817847079
151,Muscle Machine Inc,Young,Jeff,2125557413,4092 Furth Circle,Suite 400,NYC,NY,10022,USA,1286,138500.00,10204,2003-12-02,2003-12-10,2003-12-04,Shipped,,697.8299999999998,7559.52,119076.1,3402.174285714286,1622.0551817847079
357,GiftsForHim.com,MacKinlay,Wales,64-9-3763555,199 Great North Road,,Auckland,,,New Zealand,1612,77700.00,10202,2003-12-02,2003-12-09,2003-12-06,Shipped,,697.8299999999998,7559.52,119076.1,3402.174285714286,1622.0551817847079
141,Euro+ Shopping Channel,Freyre,Diego ,(91) 555 94 44,"C/ Moralzarzal, 86",,Madrid,,28034,Spain,1370,227600.00,10205,2003-12-03,2003-12-09,2003-12-07,Shipped, I need all the information I can get on our competitors.,881.76,5535.2,13059.16,2611.8320000000003,1971.552059551053
141,Euro+ Shopping Channel,Freyre,Diego ,(91) 555 94 44,"C/ Moralzarzal, 86",,Madrid,,28034,Spain,1370,227600.00,10212,2004-01-16,2004-01-24,2004-01-18,Shipped,,1270.92,6231.5999999999985,59830.55,3739.409375,1569.482389160914
141,Euro+ Shopping Channel,Freyre,Diego ,(91) 555 94 44,"C/ Moralzarzal, 86",,Madrid,,28034,Spain,1370,227600.00,10244,2004-04-29,2004-05-09,2004-05-04,Shipped,,970.4,6095.25,26155.91,2906.2122222222224,1600.5507327852633
141,Euro+ Shopping Channel,Freyre,Diego ,(91) 555 94 44,"C/ Moralzarzal, 86",,Madrid,,28034,Spain,1370,227600.00,10246,2004-05-05,2004-05-13,2004-05-06,Shipped,,1590.75,8594.52,63815.28,3753.84,2018.090347859828
334,Suominen Souveniers,Suominen,Kalle,+358 9 8045 555,Software Engineering Center,SEC Oy,Espoo,,FIN-02271,Finland,1501,98800.00,10247,2004-05-05,2004-05-11,2004-05-08,Shipped,,1590.75,8594.52,63815.28,3753.84,2018.090347859828
141,Euro+ Shopping Channel,Freyre,Diego ,(91) 555 94 44,"C/ Moralzarzal, 86",,Madrid,,28034,Spain,1370,227600.00,10262,2004-06-24,2004-07-01,,Cancelled,This customer found a better offer from one of our competitors. Will call back to renegotiate.,875.91,7726.809999999998,47065.36,2941.585,1527.2465551311616
141,Euro+ Shopping Channel,Freyre,Diego ,(91) 555 94 44,"C/ Moralzarzal, 86",,Madrid,,28034,Spain,1370,227600.00,10279,2004-08-09,2004-08-19,2004-08-15,Shipped,"Cautious optimism. We have happy customers here, if we can keep them well stocked.  I need all the information I can get on the planned shippments of Porches",1778.92,5129.76,20009.53,3334.921666666666,1356.602120187296
141,Euro+ Shopping Channel,Freyre,Diego ,(91) 555 94 44,"C/ Moralzarzal, 86",,Madrid,,28034,Spain,1370,227600.00,10311,2004-10-16,2004-10-23,2004-10-20,Shipped,Difficult to negotiate with customer. We need more marketing materials,1096.59,7640.64,97375.04999999996,3477.6803571428563,1711.145579073081
259,"Toms Spezialitäten, Ltd",Pfalzheim,Henriette ,0221-5554327,Mehrheimerstr. 369,,Köln,,50739,Germany,1504,120400.00,10310,2004-10-16,2004-10-24,2004-10-18,Shipped,,1096.59,7640.64,97375.04999999996,3477.6803571428563,1711.145579073081
141,Euro+ Shopping Channel,Freyre,Diego ,(91) 555 94 44,"C/ Moralzarzal, 86",,Madrid,,28034,Spain,1370,227600.00,10350,2004-12-02,2004-12-08,2004-12-05,Shipped,,961.0,5949.68,46493.16,2734.8917647058825,1104.8727868641447
141,Euro+ Shopping Channel,Freyre,Diego ,(91) 555 94 44,"C/ Moralzarzal, 86",,Madrid,,28034,Spain,1370,227600.00,10355,2004-12-07,2004-12-14,2004-12-13,Shipped,,1253.62,4403.84,25529.78,2552.978,1006.2509701836592
141,Euro+ Shopping Channel,Freyre,Diego ,(91) 555 94 44,"C/ Moralzarzal, 86",,Madrid,,28034,Spain,1370,227600.00,10378,2005-02-10,2005-02-18,2005-02-11,Shipped,,1254.19,6320.5700000000015,48910.38999999999,3260.6926666666664,1849.3919681632306
141,Euro+ Shopping Channel,Freyre,Diego ,(91) 555 94 44,"C/ Moralzarzal, 86",,Madrid,,28034,Spain,1370,227600.00,10379,2005-02-10,2005-02-18,2005-02-11,Shipped,,1254.19,6320.5700000000015,48910.38999999999,3260.6926666666664,1849.3919681632306
141,Euro+ Shopping Channel,Freyre,Diego ,(91) 555 94 44,"C/ Moralzarzal, 86",,Madrid,,28034,Spain,1370,227600.00,10380,2005-02-16,2005-02-24,2005-02-18,Shipped,,955.84,4909.08,34404.21,2646.4776923076925,1265.3553606540331
141,Euro+ Shopping Channel,Freyre,Diego ,(91) 555 94 44,"C/ Moralzarzal, 86",,Madrid,,28034,Spain,1370,227600.00,10383,2005-02-22,2005-03-02,2005-02-25,Shipped,,1157.2,7322.129999999999,36851.98,2834.7676923076924,1697.5141134766932
141,Euro+ Shopping Channel,Freyre,Diego ,(91) 555 94 44,"C/ Moralzarzal, 86",,Madrid,,28034,Spain,1370,227600.00,10386,2005-03-01,2005-03-09,2005-03-06,Resolved,Disputed then Resolved on 3/15/2005. Customer doesn't like the craftsmaship of the models.,1525.65,3741.3,46968.52,2609.362222222222,609.5948071953018
141,Euro+ Shopping Channel,Freyre,Diego ,(91) 555 94 44,"C/ Moralzarzal, 86",,Madrid,,28034,Spain,1370,227600.00,10394,2005-03-15,2005-03-25,2005-03-19,Shipped,,1626.56,4623.1500000000015,18102.74,2586.1057142857144,1246.6331940585294
141,Euro+ Shopping Channel,Freyre,Diego ,(91) 555 94 44,"C/ Moralzarzal, 86",,Madrid,,28034,Spain,1370,227600.00,10412,2005-05-03,2005-05-13,2005-05-05,Shipped,,966.34,9449.4,46895.48,4263.225454545454,2981.733881101275
141,Euro+ Shopping Channel,Freyre,Diego ,(91) 555 94 44,"C/ Moralzarzal, 86",,Madrid,,28034,Spain,1370,227600.00,10417,2005-05-13,2005-05-19,2005-05-19,Disputed,Customer doesn't like the colors and precision of the models.,2115.0,9109.52,28574.9,4762.483333333334,2458.638311469718
144,"Volvo Model Replicas, Co",Berglund,Christina ,0921-12 3555,Berguvsvägen  8,,Luleå,,S-958 22,Sweden,1504,53100.00,10112,2003-03-24,2003-04-03,2003-03-29,Shipped,"Customer requested that ad materials (such as posters, pamphlets) be included in the shippment",1957.3,5717.64,7674.94,3837.47,2658.9619135670223
144,"Volvo Model Replicas, Co",Berglund,Christina ,0921-12 3555,Berguvsvägen  8,,Luleå,,S-958 22,Sweden,1504,53100.00,10320,2004-11-03,2004-11-13,2004-11-07,Shipped,,1015.0,5730.04,44349.54,3167.824285714286,1349.0608699200532
456,Microscale Inc.,Choi,Yu,2125551957,5290 North Pendale Street,Suite 200,NYC,NY,10022,USA,1286,39800.00,10319,2004-11-03,2004-11-11,2004-11-06,Shipped,Customer requested that DHL is used for this shipping,1015.0,5730.04,44349.54,3167.824285714286,1349.0608699200532
144,"Volvo Model Replicas, Co",Berglund,Christina ,0921-12 3555,Berguvsvägen  8,,Luleå,,S-958 22,Sweden,1504,53100.00,10326,2004-11-09,2004-11-16,2004-11-10,Shipped,,1626.8000000000004,4937.63,19206.68,3201.1133333333332,1147.2666647936155
145,Danish Wholesale Imports,Petersen,Jytte ,31 12 3555,Vinbæltet 34,,Kobenhavn,,1734,Denmark,1401,83400.00,10105,2003-02-11,2003-02-21,2003-02-12,Shipped,,1119.25,8434.52,53959.21,3597.280666666666,1864.3212256225231
145,Danish Wholesale Imports,Petersen,Jytte ,31 12 3555,Vinbæltet 34,,Kobenhavn,,1734,Denmark,1401,83400.00,10238,2004-04-09,2004-04-16,2004-04-10,Shipped,,1468.4,7058.450000000002,28211.7,3526.4625,1954.742293973812
145,Danish Wholesale Imports,Petersen,Jytte ,31 12 3555,Vinbæltet 34,,Kobenhavn,,1734,Denmark,1401,83400.00,10256,2004-06-08,2004-06-16,2004-06-10,Shipped,,1532.07,3178.66,4710.73,2355.365,1164.3149548339572
145,Danish Wholesale Imports,Petersen,Jytte ,31 12 3555,Vinbæltet 34,,Kobenhavn,,1734,Denmark,1401,83400.00,10327,2004-11-10,2004-11-19,2004-11-13,Resolved,Order was disputed and resolved on 12/1/04. The Sales Manager was involved. Customer claims the scales of the models don't match what was discussed.,1366.05,3863.5,20564.86,2570.6075,1017.7231439801578
145,Danish Wholesale Imports,Petersen,Jytte ,31 12 3555,Vinbæltet 34,,Kobenhavn,,1734,Denmark,1401,83400.00,10406,2005-04-15,2005-04-25,2005-04-21,Disputed,Customer claims container with shipment was damaged during shipping and some items were missing. I am talking to FedEx about this.,6418.56,7621.9000000000015,21638.62,7212.873333333332,687.9979291635506
146,"Saveley & Henriot, Co.",Saveley,Mary ,78.32.5555,"2, rue du Commerce",,Lyon,,69004,France,1337,123900.00,10194,2003-11-25,2003-12-02,2003-11-26,Shipped,,1018.24,8550.78,75804.49999999999,3609.738095238095,1958.1112137813293
319,Mini Classics,Frick,Steve,9145554562,3758 North Pendale Street,,White Plains,NY,24067,USA,1323,102700.00,10195,2003-11-25,2003-12-01,2003-11-28,Shipped,,1018.24,8550.78,75804.49999999999,3609.738095238095,1958.1112137813293
146,"Saveley & Henriot, Co.",Saveley,Mary ,78.32.5555,"2, rue du Commerce",,Lyon,,69004,France,1337,123900.00,10208,2004-01-02,2004-01-11,2004-01-04,Shipped,,1610.8000000000004,8124.98,49614.72,3307.648,1580.6452271154515
146,"Saveley & Henriot, Co.",Saveley,Mary ,78.32.5555,"2, rue du Commerce",,Lyon,,69004,France,1337,123900.00,10227,2004-03-02,2004-03-12,2004-03-08,Shipped,,941.76,5438.58,40978.53000000001,2731.9020000000005,1324.5951838321882
148,"Dragon Souveniers, Ltd.",Natividad,Eric,+65 221 7555,Bronz Sok.,Bronz Apt. 3/6 Tesvikiye,Singapore,,079903,Singapore,1621,103800.00,10117,2003-04-16,2003-04-24,2003-04-17,Shipped,,1168.65,6747.780000000002,44380.15,3698.3458333333333,1977.144242144386
148,"Dragon Souveniers, Ltd.",Natividad,Eric,+65 221 7555,Bronz Sok.,Bronz Apt. 3/6 Tesvikiye,Singapore,,079903,Singapore,1621,103800.00,10150,2003-09-19,2003-09-27,2003-09-21,Shipped,They want to reevaluate their terms agreement with Finance.,1418.7,8197.2,38350.15,3486.3772727272717,1988.2011984157489
148,"Dragon Souveniers, Ltd.",Natividad,Eric,+65 221 7555,Bronz Sok.,Bronz Apt. 3/6 Tesvikiye,Singapore,,079903,Singapore,1621,103800.00,10165,2003-10-22,2003-10-31,2003-12-26,Shipped,This order was on hold because customers's credit limit had been exceeded. Order will ship when payment is received,840.24,7406.08,67392.84999999999,3744.0472222222215,1886.407134203585
148,"Dragon Souveniers, Ltd.",Natividad,Eric,+65 221 7555,Bronz Sok.,Bronz Apt. 3/6 Tesvikiye,Singapore,,079903,Singapore,1621,103800.00,10277,2004-08-04,2004-08-12,2004-08-05,Shipped,,2611.84,2611.84,2611.84,2611.84,
148,"Dragon Souveniers, Ltd.",Natividad,Eric,+65 221 7555,Bronz Sok.,Bronz Apt. 3/6 Tesvikiye,Singapore,,079903,Singapore,1621,103800.00,10387,2005-03-02,2005-03-09,2005-03-06,Shipped,We need to keep in close contact with their Marketing VP. He is the decision maker for all their purchases.,3516.04,3516.04,3516.04,3516.04,
151,Muscle Machine Inc,Young,Jeff,2125557413,4092 Furth Circle,Suite 400,NYC,NY,10022,USA,1286,138500.00,10127,2003-06-03,2003-06-09,2003-06-06,Shipped,Customer requested special shippment. The instructions were passed along to the warehouse,1017.2,8889.5,58841.35,3922.756666666666,2411.8748213509475
151,Muscle Machine Inc,Young,Jeff,2125557413,4092 Furth Circle,Suite 400,NYC,NY,10022,USA,1286,138500.00,10267,2004-07-07,2004-07-17,2004-07-09,Shipped,,2565.72,4235.93,20314.44,3385.74,693.8370863250249
151,Muscle Machine Inc,Young,Jeff,2125557413,4092 Furth Circle,Suite 400,NYC,NY,10022,USA,1286,138500.00,10349,2004-12-01,2004-12-07,2004-12-03,Shipped,,1132.92,7884.48,39964.63,3996.463,2097.169849763406
157,Diecast Classics Inc.,Leong,Kelvin,2155551555,7586 Pompton St.,,Allentown,PA,70267,USA,1216,100600.00,10281,2004-08-19,2004-08-28,2004-08-23,Shipped,,679.0,5850.68,39641.429999999986,2831.5307142857137,1469.9019323932114
157,Diecast Classics Inc.,Leong,Kelvin,2155551555,7586 Pompton St.,,Allentown,PA,70267,USA,1216,100600.00,10318,2004-11-02,2004-11-09,2004-11-07,Shipped,,1584.44,7022.23,37586.37,3758.637,1649.4939429214176
161,Technics Stores Inc.,Hashimoto,Juri,6505556809,9408 Furth Circle,,Burlingame,CA,94217,USA,1165,84600.00,10317,2004-11-02,2004-11-12,2004-11-08,Shipped,,1584.44,7022.23,37586.37,3758.637,1649.4939429214176
157,Diecast Classics Inc.,Leong,Kelvin,2155551555,7586 Pompton St.,,Allentown,PA,70267,USA,1216,100600.00,10422,2005-05-30,2005-06-11,,In Process,,891.5,4663.44,14447.169999999998,2063.8814285714284,1236.1771490422746
314,Petit Auto,Dewey,Catherine ,(02) 5554 67,Rue Joseph-Bens 532,,Bruxelles,,B-1180,Belgium,1401,79900.00,10423,2005-05-30,2005-06-05,,In Process,,891.5,4663.44,14447.169999999998,2063.8814285714284,1236.1771490422746
161,Technics Stores Inc.,Hashimoto,Juri,6505556809,9408 Furth Circle,,Burlingame,CA,94217,USA,1165,84600.00,10140,2003-07-24,2003-08-02,2003-07-30,Shipped,,1167.25,6898.28,38675.13000000001,3515.920909090909,1696.6856893158176
161,Technics Stores Inc.,Hashimoto,Juri,6505556809,9408 Furth Circle,,Burlingame,CA,94217,USA,1165,84600.00,10168,2003-10-28,2003-11-03,2003-11-01,Shipped,,1547.64,5184.0,50743.65,2819.0916666666667,976.4168988600163
161,Technics Stores Inc.,Hashimoto,Juri,6505556809,9408 Furth Circle,,Burlingame,CA,94217,USA,1165,84600.00,10362,2005-01-05,2005-01-16,2005-01-10,Shipped,,1239.9299999999996,4564.5,12692.19,3173.0475,1466.1998288858856
166,Handji Gifts& Co,Victorino,Wendy,+65 224 1555,106 Linden Road Sandown,2nd Floor,Singapore,,069045,Singapore,1612,97900.00,10217,2004-02-04,2004-02-14,2004-02-06,Shipped,,1658.37,6382.56,22474.17,3210.595714285714,1674.8812104729209
166,Handji Gifts& Co,Victorino,Wendy,+65 224 1555,106 Linden Road Sandown,2nd Floor,Singapore,,069045,Singapore,1612,97900.00,10259,2004-06-15,2004-06-22,2004-06-17,Shipped,,975.57,5705.8,66198.83,3484.148947368421,1656.938932898369
398,"Tokyo Collectables, Ltd",Shimamura,Akiko,+81 3 3584 0555,2-2-8 Roppongi,,Minato-ku,Tokyo,106-0032,Japan,1621,94400.00,10258,2004-06-15,2004-06-25,2004-06-23,Shipped,,975.57,5705.8,66198.83,3484.148947368421,1656.938932898369
166,Handji Gifts& Co,Victorino,Wendy,+65 224 1555,106 Linden Road Sandown,2nd Floor,Singapore,,069045,Singapore,1612,97900.00,10288,2004-09-01,2004-09-11,2004-09-05,Shipped,,933.51,5385.6,38785.48,2770.391428571428,1395.5481955288953
166,Handji Gifts& Co,Victorino,Wendy,+65 224 1555,106 Linden Road Sandown,2nd Floor,Singapore,,069045,Singapore,1612,97900.00,10409,2005-04-23,2005-05-05,2005-04-24,Shipped,,625.5,1700.6799999999996,2326.18,1163.09,760.267068996152
167,Herkku Gifts,Oeztan,Veysel,+47 2267 3215,Brehmen St. 121,PR 334 Sentrum,Bergen,,N 5804,Norway  ,1504,96800.00,10188,2003-11-18,2003-11-26,2003-11-24,Shipped,,1666.88,8191.799999999998,33834.87,3759.43,1919.406984904452
205,Toys4GrownUps.com,Young,Julie,6265557265,78934 Hillside Dr.,,Pasadena,CA,90003,USA,1166,90700.00,10189,2003-11-18,2003-11-25,2003-11-24,Shipped,They want to reevaluate their terms agreement with Finance.,1666.88,8191.799999999998,33834.87,3759.43,1919.406984904452
167,Herkku Gifts,Oeztan,Veysel,+47 2267 3215,Brehmen St. 121,PR 334 Sentrum,Bergen,,N 5804,Norway  ,1504,96800.00,10289,2004-09-03,2004-09-13,2004-09-04,Shipped,We need to keep in close contact with their Marketing VP. He is the decision maker for all their purchases.,1074.0,6095.25,12538.01,3134.5025,2220.584831530874
171,Daedalus Designs Imports,Rancé,Martine ,20.16.1555,"184, chaussée de Tournai",,Lille,,59000,France,1370,82900.00,10180,2003-11-11,2003-11-19,2003-11-14,Shipped,,1135.26,6749.01,65747.41,2858.583043478261,1719.1837898931065
496,Kelly's Gift Shop,Snowden,Tony,+64 9 5555500,Arenales 1938 3'A',,Auckland  ,,,New Zealand,1612,110000.00,10179,2003-11-11,2003-11-17,2003-11-13,Cancelled,Customer cancelled due to urgent budgeting issues. Must be cautious when dealing with them in the future. Since order shipped already we must discuss who would cover the shipping charges.,1135.26,6749.01,65747.41,2858.583043478261,1719.1837898931065
171,Daedalus Designs Imports,Rancé,Martine ,20.16.1555,"184, chaussée de Tournai",,Lille,,59000,France,1370,82900.00,10224,2004-02-21,2004-03-02,2004-02-26,Shipped,Customer has worked with some of our vendors in the past and is aware of their MSRP,1591.4299999999996,6087.940000000001,18997.89,3166.315,1660.9540877188633
172,"La Corne D'abondance, Co.",Bertrand,Marie,(1) 42.34.2555,"265, boulevard Charonne",,Paris,,75012,France,1337,84300.00,10114,2003-04-01,2003-04-07,2003-04-02,Shipped,,687.36,8128.32,33383.140000000014,3338.314000000001,2083.039778204493
172,"La Corne D'abondance, Co.",Bertrand,Marie,(1) 42.34.2555,"265, boulevard Charonne",,Paris,,75012,France,1337,84300.00,10286,2004-08-28,2004-09-06,2004-09-01,Shipped,,1960.8,1960.8,1960.8,1960.8,
172,"La Corne D'abondance, Co.",Bertrand,Marie,(1) 42.34.2555,"265, boulevard Charonne",,Paris,,75012,France,1337,84300.00,10336,2004-11-20,2004-11-26,2004-11-24,Shipped,Customer requested that DHL is used for this shipping,1829.93,7541.59,51209.58,4267.465,1999.276452872161
173,Cambridge Collectables Co.,Tseng,Jerry,6175555555,4658 Baden Av.,,Cambridge,MA,51247,USA,1188,43400.00,10228,2004-03-10,2004-03-18,2004-03-13,Shipped,,2431.44,6214.700000000002,20355.24,3392.5400000000004,1414.516224820345
173,Cambridge Collectables Co.,Tseng,Jerry,6175555555,4658 Baden Av.,,Cambridge,MA,51247,USA,1188,43400.00,10249,2004-05-08,2004-05-17,2004-05-11,Shipped,Can we deliver the new Ford Mustang models by end-of-quarter?,1096.2,4090.78,11843.45,2368.69,1312.4540587007227
175,Gift Depot Inc.,King,Julie,2035552570,25593 South Bay Ln.,,Bridgewater,CT,97562,USA,1323,84300.00,10172,2003-11-05,2003-11-14,2003-11-11,Shipped,,925.97,6713.76,79512.70999999998,2839.739642857142,1604.4170084961456
233,Québec Home Shopping Network,Fresnière,Jean ,(514) 555-8054,43 rue St. Laurent,,Montréal,Québec,H1J 1C3,Canada,1286,48700.00,10171,2003-11-05,2003-11-13,2003-11-07,Shipped,,925.97,6713.76,79512.70999999998,2839.739642857142,1604.4170084961456
278,Rovelli Gifts,Rovelli,Giovanni ,035-640555,Via Ludovico il Moro 22,,Bergamo,,24100,Italy,1401,119600.00,10173,2003-11-05,2003-11-15,2003-11-09,Shipped,"Cautious optimism. We have happy customers here, if we can keep them well stocked.  I need all the information I can get on the planned shippments of Porches",925.97,6713.76,79512.70999999998,2839.739642857142,1604.4170084961456
175,Gift Depot Inc.,King,Julie,2035552570,25593 South Bay Ln.,,Bridgewater,CT,97562,USA,1323,84300.00,10263,2004-06-28,2004-07-04,2004-07-02,Shipped,,1425.84,7940.059999999998,42044.77,3822.251818181818,2027.0328219879327
175,Gift Depot Inc.,King,Julie,2035552570,25593 South Bay Ln.,,Bridgewater,CT,97562,USA,1323,84300.00,10413,2005-05-05,2005-05-14,2005-05-09,Shipped,Customer requested that DHL is used for this shipping,1357.1999999999996,7256.519999999998,28500.78,4750.13,2461.85049009886
177,Osaka Souveniers Co.,Kentary,Mory,+81 06 6342 5555,1-6-20 Dojima,,Kita-ku,Osaka, 530-0003,Japan,1621,81200.00,10210,2004-01-12,2004-01-22,2004-01-20,Shipped,,1642.56,6452.86,47177.59,2775.152352941176,1208.5089828820544
177,Osaka Souveniers Co.,Kentary,Mory,+81 06 6342 5555,1-6-20 Dojima,,Kita-ku,Osaka, 530-0003,Japan,1621,81200.00,10240,2004-04-13,2004-04-20,2004-04-20,Shipped,,993.09,6273.0,51252.89,3416.8593333333333,1677.02242766103
209,Mini Caravy,Citeaux,Frédérique ,88.60.1555,"24, place Kléber",,Strasbourg,,67000,France,1370,53800.00,10241,2004-04-13,2004-04-20,2004-04-19,Shipped,,993.09,6273.0,51252.89,3416.8593333333333,1677.02242766103
181,Vitachrome Inc.,Frick,Michael,2125551500,2678 Kingston Rd.,Suite 101,NYC,NY,10022,USA,1286,76400.00,10102,2003-01-10,2003-01-18,2003-01-14,Shipped,,1768.3300000000004,3726.45,5494.78,2747.39,1384.5999303770022
181,Vitachrome Inc.,Frick,Michael,2125551500,2678 Kingston Rd.,Suite 101,NYC,NY,10022,USA,1286,76400.00,10237,2004-04-05,2004-04-12,2004-04-10,Shipped,,910.0,6193.200000000002,22602.36,2511.373333333333,1665.9671547707658
186,"Toys of Finland, Co.",Karttunen,Matti,90-224 8555,Keskuskatu 45,,Helsinki,,21240,Finland,1501,96500.00,10155,2003-10-06,2003-10-13,2003-10-07,Shipped,,1433.8200000000004,7163.8,61510.72000000001,3237.4063157894743,1415.45042035393
201,"UK Collectables, Ltd.",Devon,Elizabeth,(171) 555-2282,"12, Berkeley Gardens Blvd",,Liverpool,,WX1 6LT,UK,1501,92700.00,10302,2003-10-06,2003-10-16,2003-10-07,Shipped,,1433.8200000000004,7163.8,61510.72000000001,3237.4063157894743,1415.45042035393
186,"Toys of Finland, Co.",Karttunen,Matti,90-224 8555,Keskuskatu 45,,Helsinki,,21240,Finland,1501,96500.00,10299,2004-09-30,2004-10-10,2004-10-01,Shipped,,869.04,5832.96,34341.08,3121.916363636364,1537.7088624136413
186,"Toys of Finland, Co.",Karttunen,Matti,90-224 8555,Keskuskatu 45,,Helsinki,,21240,Finland,1501,96500.00,10377,2005-02-09,2005-02-21,2005-02-12,Shipped,"Cautious optimism. We have happy customers here, if we can keep them well stocked.  I need all the information I can get on the planned shippments of Porches",1570.56,5643.0,23602.9,3933.816666666667,1785.2087394998566
187,"AV Stores, Co.",Ashworth,Rachel,(171) 555-1555,Fauntleroy Circus,,Manchester,,EC2 5NT,UK,1501,136800.00,10110,2003-03-18,2003-03-24,2003-03-20,Shipped,,577.6,6426.0,48425.69,3026.605625,1631.7469248670016
187,"AV Stores, Co.",Ashworth,Rachel,(171) 555-1555,Fauntleroy Circus,,Manchester,,EC2 5NT,UK,1501,136800.00,10306,2004-10-14,2004-10-21,2004-10-17,Shipped,,1417.6799999999996,5668.660000000002,76158.34999999999,2929.1673076923075,1140.8163790393535
339,"Classic Gift Ideas, Inc",Cervantes,Francisca,2155554695,782 First Street,,Philadelphia,PA,71270,USA,1188,81100.00,10307,2004-10-14,2004-10-23,2004-10-20,Shipped,,1417.6799999999996,5668.660000000002,76158.34999999999,2929.1673076923075,1140.8163790393535
187,"AV Stores, Co.",Ashworth,Rachel,(171) 555-1555,Fauntleroy Circus,,Manchester,,EC2 5NT,UK,1501,136800.00,10332,2004-11-17,2004-11-25,2004-11-18,Shipped,,934.92,6806.799999999998,93153.17999999996,2911.036874999999,1537.8750858989254
486,Motor Mint Distributors Inc.,Salazar,Rosa,2155559857,11328 Douglas Av.,,Philadelphia,PA,71270,USA,1323,72600.00,10331,2004-11-17,2004-11-23,2004-11-23,Shipped,Customer requested special shippment. The instructions were passed along to the warehouse,934.92,6806.799999999998,93153.17999999996,2911.036874999999,1537.8750858989254
189,"Clover Collections, Co.",Cassidy,Dean,+353 1862 1555,25 Maiden Lane,Floor No. 4,Dublin,,2,Ireland,1504,69400.00,10220,2004-02-12,2004-02-19,2004-02-16,Shipped,,994.2,6319.5,32538.74,3615.415555555555,1967.1854057708385
189,"Clover Collections, Co.",Cassidy,Dean,+353 1862 1555,25 Maiden Lane,Floor No. 4,Dublin,,2,Ireland,1504,69400.00,10297,2004-09-16,2004-09-22,2004-09-21,Shipped,We must be cautions with this customer. Their VP of Sales resigned. Company may be heading down.,1649.7900000000004,3903.55,17359.53,2479.932857142857,855.6384979595508
198,Auto-Moto Classics Inc.,Taylor,Leslie,6175558428,16780 Pompton St.,,Brickhaven,MA,58339,USA,1216,23000.00,10130,2003-06-16,2003-06-24,2003-06-21,Shipped,,844.62,3470.4,23069.25,2306.925,864.117441056995
447,Gift Ideas Corp.,Lewis,Dan,2035554407,2440 Pompton St.,,Glendale,CT,97561,USA,1323,49700.00,10131,2003-06-16,2003-06-25,2003-06-21,Shipped,,844.62,3470.4,23069.25,2306.925,864.117441056995
198,Auto-Moto Classics Inc.,Taylor,Leslie,6175558428,16780 Pompton St.,,Brickhaven,MA,58339,USA,1216,23000.00,10290,2004-09-07,2004-09-15,2004-09-13,Shipped,,2089.36,3769.2,5858.56,2929.28,1187.82625530841
198,Auto-Moto Classics Inc.,Taylor,Leslie,6175558428,16780 Pompton St.,,Brickhaven,MA,58339,USA,1216,23000.00,10352,2004-12-03,2004-12-12,2004-12-09,Shipped,,1368.1799999999996,5596.5,23330.56,2592.284444444444,1408.6770742625076
324,"Stylish Desk Decors, Co.",Brown,Ann ,(171) 555-0297,35 King George,,London,,WX3 6FW,UK,1501,77000.00,10351,2004-12-03,2004-12-11,2004-12-07,Shipped,,1368.1799999999996,5596.5,23330.56,2592.284444444444,1408.6770742625076
201,"UK Collectables, Ltd.",Devon,Elizabeth,(171) 555-2282,"12, Berkeley Gardens Blvd",,Liverpool,,WX1 6LT,UK,1501,92700.00,10253,2004-06-01,2004-06-09,2004-06-02,Cancelled,"Customer disputed the order and we agreed to cancel it. We must be more cautions with this customer going forward, since they are very hard to please. We must cover the shipping fees.",1219.68,5825.2,45443.53999999999,3245.9671428571423,1463.417230627992
201,"UK Collectables, Ltd.",Devon,Elizabeth,(171) 555-2282,"12, Berkeley Gardens Blvd",,Liverpool,,WX1 6LT,UK,1501,92700.00,10403,2005-04-08,2005-04-18,2005-04-11,Shipped,,1074.0,11503.14,78685.75,4628.573529411765,3039.2748471694317
323,"Down Under Souveniers, Inc",Graham,Mike,+64 9 312 5555,162-164 Grafton Road,Level 2,Auckland  ,,,New Zealand,1612,88000.00,10404,2005-04-08,2005-04-14,2005-04-11,Shipped,,1074.0,11503.14,78685.75,4628.573529411765,3039.2748471694317
202,Canadian Gift Exchange Network,Tamuri,Yoshi ,(604) 555-3392,1900 Oak St.,,Vancouver,BC,V3F 2K1,Canada,1323,90300.00,10206,2003-12-05,2003-12-13,2003-12-08,Shipped,Can we renegotiate this one?,961.38,9568.73,36527.61,3320.6918181818182,2257.5418995616365
202,Canadian Gift Exchange Network,Tamuri,Yoshi ,(604) 555-3392,1900 Oak St.,,Vancouver,BC,V3F 2K1,Canada,1323,90300.00,10313,2004-10-22,2004-10-28,2004-10-25,Shipped,Customer requested that FedEx Ground is used for this shipping,1240.98,6711.94,87339.92,3359.2276923076925,1556.1714049739062
227,Heintze Collectables,Ibsen,Palle,86 21 3555,Smagsloget 45,,Århus,,8200,Denmark,1401,120800.00,10314,2004-10-22,2004-11-01,2004-10-23,Shipped,,1240.98,6711.94,87339.92,3359.2276923076925,1556.1714049739062
204,Online Mini Collectables,Barajas,Miguel,6175557555,7635 Spinnaker Dr.,,Brickhaven,MA,58339,USA,1188,68700.00,10276,2004-08-02,2004-08-11,2004-08-08,Shipped,,955.8,9242.0,51152.86000000001,3653.775714285715,2320.4909016768056
204,Online Mini Collectables,Barajas,Miguel,6175557555,7635 Spinnaker Dr.,,Brickhaven,MA,58339,USA,1188,68700.00,10294,2004-09-10,2004-09-17,2004-09-14,Shipped,,1612.0,4424.4,19484.16,3247.36,944.566792556249
362,Gifts4AllAges.com,Yoshido,Juri,6175559555,8616 Spinnaker Dr.,,Boston,MA,51003,USA,1216,41900.00,10295,2004-09-10,2004-09-17,2004-09-14,Shipped,They want to reevaluate their terms agreement with Finance.,1612.0,4424.4,19484.16,3247.36,944.566792556249
205,Toys4GrownUps.com,Young,Julie,6265557265,78934 Hillside Dr.,,Pasadena,CA,90003,USA,1166,90700.00,10145,2003-08-25,2003-09-02,2003-08-31,Shipped,,1222.33,7158.9,50342.74,3146.42125,1507.2055928721204
205,Toys4GrownUps.com,Young,Julie,6265557265,78934 Hillside Dr.,,Pasadena,CA,90003,USA,1166,90700.00,10367,2005-01-12,2005-01-21,2005-01-16,Resolved,This order was disputed and resolved on 2/1/2005. Customer claimed that container with shipment was damaged. FedEx's investigation proved this wrong.,679.42,6043.94,39580.599999999984,3044.661538461538,1763.663032780762
209,Mini Caravy,Citeaux,Frédérique ,88.60.1555,"24, place Kléber",,Strasbourg,,67000,France,1370,53800.00,10255,2004-06-04,2004-06-12,2004-06-09,Shipped,,1392.3100000000004,3240.0,4632.31,2316.155,1306.514128530572
209,Mini Caravy,Citeaux,Frédérique ,88.60.1555,"24, place Kléber",,Strasbourg,,67000,France,1370,53800.00,10405,2005-04-14,2005-04-24,2005-04-20,Shipped,,1756.86,11170.52,35157.75,7031.55,3877.2468464749572
211,"King Kong Collectables, Co.",Gao,Mike,+852 2251 1555,Bank of China Tower,1 Garden Road,Central Hong Kong,,,Hong Kong,1621,58600.00,10187,2003-11-15,2003-11-24,2003-11-16,Shipped,,1628.11,4429.34,28287.73,2828.7729999999997,929.7176622567856
216,Enaco Distributors,Saavedra,Eduardo ,(93) 203 4555,"Rambla de Cataluña, 23",,Barcelona,,08022,Spain,1702,60300.00,10118,2003-04-21,2003-04-29,2003-04-26,Shipped,Customer has worked with some of our vendors in the past and is aware of their MSRP,3101.4,3101.4,3101.4,3101.4,
216,Enaco Distributors,Saavedra,Eduardo ,(93) 203 4555,"Rambla de Cataluña, 23",,Barcelona,,08022,Spain,1702,60300.00,10197,2003-11-26,2003-12-02,2003-12-01,Shipped,Customer inquired about remote controlled models and gold models.,1152.1699999999996,9571.08,78613.04,3573.32,1918.1177390968714
455,Super Scale Inc.,Murphy,Leslie,2035559545,567 North Pendale Street,,New Haven,CT,97823,USA,1286,95400.00,10196,2003-11-26,2003-12-03,2003-12-01,Shipped,,1152.1699999999996,9571.08,78613.04,3573.32,1918.1177390968714
219,Boards & Toys Co.,Young,Mary,3105552373,4097 Douglas Av.,,Glendale,CA,92561,USA,1166,11000.00,10154,2003-10-02,2003-10-12,2003-10-08,Shipped,,2133.7200000000007,2332.13,4465.85,2232.925,140.2970564552228
219,Boards & Toys Co.,Young,Mary,3105552373,4097 Douglas Av.,,Glendale,CA,92561,USA,1166,11000.00,10376,2005-02-08,2005-02-18,2005-02-13,Shipped,,3452.75,3452.75,3452.75,3452.75,
227,Heintze Collectables,Ibsen,Palle,86 21 3555,Smagsloget 45,,Århus,,8200,Denmark,1401,120800.00,10161,2003-10-17,2003-10-25,2003-10-20,Shipped,,1087.67,6691.68,36164.46,3013.705,1623.889639048507
233,Québec Home Shopping Network,Fresnière,Jean ,(514) 555-8054,43 rue St. Laurent,,Montréal,Québec,H1J 1C3,Canada,1286,48700.00,10261,2004-06-17,2004-06-25,2004-06-22,Shipped,,1266.72,4419.5,22997.45,2555.272222222223,1051.1744114534204
233,Québec Home Shopping Network,Fresnière,Jean ,(514) 555-8054,43 rue St. Laurent,,Montréal,Québec,H1J 1C3,Canada,1286,48700.00,10411,2005-05-01,2005-05-08,2005-05-06,Shipped,,1443.75,4901.3,29070.38,3230.0422222222223,1333.2486110603845
239,Collectable Mini Designs Co.,Thompson,Valarie,7605558146,361 Furth Circle,,San Diego,CA,91217,USA,1166,105000.00,10222,2004-02-19,2004-02-27,2004-02-20,Shipped,,1400.89,6722.31,56822.65,3156.8138888888884,1473.1773085534976
239,Collectable Mini Designs Co.,Thompson,Valarie,7605558146,361 Furth Circle,,San Diego,CA,91217,USA,1166,105000.00,10226,2004-02-26,2004-03-06,2004-03-02,Shipped,,1373.61,5653.86,23552.59,3364.6557142857137,1534.3585527276766
240,giftsbymail.co.uk,Bennett,Helen ,(198) 555-8888,Garden House,Crowther Way 23,Cowes,Isle of Wight,PO31 7PJ,UK,1501,93900.00,10232,2004-03-20,2004-03-30,2004-03-25,Shipped,,1166.16,5200.76,24995.61,3124.45125,1431.5850710457526
240,giftsbymail.co.uk,Bennett,Helen ,(198) 555-8888,Garden House,Crowther Way 23,Cowes,Isle of Wight,PO31 7PJ,UK,1501,93900.00,10316,2004-11-01,2004-11-09,2004-11-07,Shipped,"Customer requested that ad materials (such as posters, pamphlets) be included in the shippment",1246.4399999999996,9974.4,79933.69999999997,3074.373076923076,1795.4573242597985
458,"Corrida Auto Replicas, Ltd",Sommer,Martín ,(91) 555 22 82,"C/ Araquil, 67",,Madrid,,28023,Spain,1702,104600.00,10348,2004-11-01,2004-11-08,2004-11-05,Shipped,,1246.4399999999996,9974.4,79933.69999999997,3074.373076923076,1795.4573242597985
242,Alpha Cognac,Roulet,Annette ,61.77.6555,1 rue Alsace-Lorraine,,Toulouse,,31000,France,1370,61100.00,10136,2003-07-04,2003-07-14,2003-07-06,Shipped,Customer is interested in buying more Ferrari models,2937.0,6942.940000000001,14232.7,4744.233333333334,2031.4594135579807
242,Alpha Cognac,Roulet,Annette ,61.77.6555,1 rue Alsace-Lorraine,,Toulouse,,31000,France,1370,61100.00,10178,2003-11-08,2003-11-16,2003-11-10,Shipped,Custom shipping instructions sent to warehouse,1444.1699999999996,5364.66,33818.340000000004,2818.195,1248.6024055610044
242,Alpha Cognac,Roulet,Annette ,61.77.6555,1 rue Alsace-Lorraine,,Toulouse,,31000,France,1370,61100.00,10397,2005-03-28,2005-04-09,2005-04-01,Shipped,,1383.36,4135.200000000002,12432.32,2486.464,1077.6794661122576
249,Amica Models & Co.,Accorti,Paolo ,011-4988555,Via Monte Bianco 34,,Torino,,10100,Italy,1401,113000.00,10280,2004-08-17,2004-08-27,2004-08-19,Shipped,,597.4,6994.82,48298.99,2841.117058823529,1588.0600090116432
249,Amica Models & Co.,Accorti,Paolo ,011-4988555,Via Monte Bianco 34,,Torino,,10100,Italy,1401,113000.00,10293,2004-09-09,2004-09-18,2004-09-14,Shipped,,1642.24,8602.92,33924.240000000005,3769.360000000001,2560.913995539483
250,Lyon Souveniers,Da Silva,Daniel,+33 1 46 62 7555,27 rue du Colonel Pierre Avia,,Paris,,75508,France,1337,68100.00,10134,2003-07-01,2003-07-10,2003-07-05,Shipped,,1544.4,5823.3499999999985,23419.47,3345.6385714285716,1297.8153425587755
250,Lyon Souveniers,Da Silva,Daniel,+33 1 46 62 7555,27 rue du Colonel Pierre Avia,,Paris,,75508,France,1337,68100.00,10356,2004-12-09,2004-12-15,2004-12-12,Shipped,,984.5,5173.33,26311.63,2923.514444444444,1584.4353821954296
250,Lyon Souveniers,Da Silva,Daniel,+33 1 46 62 7555,27 rue du Colonel Pierre Avia,,Paris,,75508,France,1337,68100.00,10395,2005-03-17,2005-03-24,2005-03-23,Shipped,We must be cautions with this customer. Their VP of Sales resigned. Company may be heading down.,2609.55,6788.76,17928.09,4482.0225,1737.60164280875
256,Auto Associés & Cie.,Tonini,Daniel ,30.59.8555,"67, avenue de l'Europe",,Versailles,,78000,France,1370,77900.00,10216,2004-02-02,2004-02-10,2004-02-04,Shipped,,5759.42,5759.42,5759.42,5759.42,
256,Auto Associés & Cie.,Tonini,Daniel ,30.59.8555,"67, avenue de l'Europe",,Versailles,,78000,France,1370,77900.00,10304,2004-10-11,2004-10-20,2004-10-17,Shipped,,671.83,9467.68,53116.99000000001,3124.5288235294124,2034.1325454259438
259,"Toms Spezialitäten, Ltd",Pfalzheim,Henriette ,0221-5554327,Mehrheimerstr. 369,,Köln,,50739,Germany,1504,120400.00,10191,2003-11-20,2003-11-30,2003-11-24,Shipped,We must be cautions with this customer. Their VP of Sales resigned. Company may be heading down.,996.9,6017.41,83414.24,3336.5696000000007,1160.1662523875618
363,Online Diecast Creations Co.,Young,Dorothy,6035558647,2304 Long Airport Avenue,,Nashua,NH,62005,USA,1216,114200.00,10192,2003-11-20,2003-11-29,2003-11-25,Shipped,,996.9,6017.41,83414.24,3336.5696000000007,1160.1662523875618
260,"Royal Canadian Collectables, Ltd.",Lincoln,Elizabeth ,(604) 555-4555,23 Tsawassen Blvd.,,Tsawassen,BC,T2F 8M4,Canada,1323,89600.00,10235,2004-04-02,2004-04-12,2004-04-06,Shipped,,1520.69,3726.9,29284.42,2440.3683333333333,656.1547624377172
276,"Anna's Decorations, Ltd",O'Hara,Anna,02 9936 8555,201 Miller Street,Level 15,North Sydney,NSW,2060,Australia,1611,107800.00,10148,2003-09-11,2003-09-21,2003-09-15,Shipped,They want to reevaluate their terms agreement with Finance.,1622.04,5088.22,41554.73,2968.195,1077.0988994427437
276,"Anna's Decorations, Ltd",O'Hara,Anna,02 9936 8555,201 Miller Street,Level 15,North Sydney,NSW,2060,Australia,1611,107800.00,10169,2003-11-04,2003-11-14,2003-11-09,Shipped,,962.26,5464.69,53678.16,3157.538823529412,1386.8215923510238
452,Mini Auto Werke,Mendel,Roland ,7675-3555,Kirchgasse 6,,Graz,,8010,Austria,1401,45300.00,10170,2003-11-04,2003-11-12,2003-11-07,Shipped,,962.26,5464.69,53678.16,3157.538823529412,1386.8215923510238
276,"Anna's Decorations, Ltd",O'Hara,Anna,02 9936 8555,201 Miller Street,Level 15,North Sydney,NSW,2060,Australia,1611,107800.00,10370,2005-01-20,2005-02-01,2005-01-25,Shipped,,835.1999999999998,7995.41,55406.60999999999,3259.212352941176,1913.1140184053631
379,Collectables For Less Inc.,Nelson,Allen,6175558555,7825 Douglas Av.,,Brickhaven,MA,58339,USA,1188,70700.00,10369,2005-01-20,2005-01-28,2005-01-24,Shipped,,835.1999999999998,7995.41,55406.60999999999,3259.212352941176,1913.1140184053631
276,"Anna's Decorations, Ltd",O'Hara,Anna,02 9936 8555,201 Miller Street,Level 15,North Sydney,NSW,2060,Australia,1611,107800.00,10391,2005-03-09,2005-03-20,2005-03-15,Shipped,,870.96,4680.24,29848.52,2984.8520000000003,1394.850096731226
278,Rovelli Gifts,Rovelli,Giovanni ,035-640555,Via Ludovico il Moro 22,,Bergamo,,24100,Italy,1401,119600.00,10106,2003-02-17,2003-02-24,2003-02-21,Shipped,,1395.42,4825.44,52151.81000000001,2897.322777777778,848.2048211772325
278,Rovelli Gifts,Rovelli,Giovanni ,035-640555,Via Ludovico il Moro 22,,Bergamo,,24100,Italy,1401,119600.00,10328,2004-11-12,2004-11-21,2004-11-18,Shipped,Customer very concerned about the exact color of the models. There is high risk that he may dispute the order because there is a slight color mismatch,1131.0,4114.38,37654.09,2689.577857142857,962.8612528546887
282,Souveniers And Things Co.,Huxley,Adrian,+61 2 9495 8555,Monitor Money Building,815 Pacific Hwy,Chatswood,NSW,2067,Australia,1611,93300.00,10139,2003-07-16,2003-07-23,2003-07-21,Shipped,,1049.4,6227.08,24013.52,3001.69,1567.5795813655798
282,Souveniers And Things Co.,Huxley,Adrian,+61 2 9495 8555,Monitor Money Building,815 Pacific Hwy,Chatswood,NSW,2067,Australia,1611,93300.00,10270,2004-07-19,2004-07-27,2004-07-24,Shipped,Can we renegotiate this one?,1099.56,4652.9000000000015,35806.73,3255.157272727273,1081.6579927693497
282,Souveniers And Things Co.,Huxley,Adrian,+61 2 9495 8555,Monitor Money Building,815 Pacific Hwy,Chatswood,NSW,2067,Australia,1611,93300.00,10361,2004-12-17,2004-12-24,2004-12-20,Shipped,,1096.41,4750.68,31835.36,2273.9542857142856,958.344926484552
286,Marta's Replicas Co.,Hernandez,Marta,6175558555,39323 Spinnaker Dr.,,Cambridge,MA,51247,USA,1216,123700.00,10285,2004-08-27,2004-09-04,2004-08-31,Shipped,,1017.6,6420.96,43134.04,3318.0030769230766,1518.3742357830442
286,Marta's Replicas Co.,Hernandez,Marta,6175558555,39323 Spinnaker Dr.,,Cambridge,MA,51247,USA,1216,123700.00,10305,2004-10-13,2004-10-22,2004-10-15,Shipped,Check on availability.,1476.48,5952.190000000001,47411.33,3386.523571428572,1321.0642925751315
298,"Vida Sport, Ltd",Holz,Mihael,0897-034555,Grenzacherweg 237,,Genève,,1203,Switzerland,1702,141300.00,10225,2004-02-22,2004-03-01,2004-02-24,Shipped,,1234.32,6990.509999999998,47375.92,3383.994285714285,1556.1590700563618
298,"Vida Sport, Ltd",Holz,Mihael,0897-034555,Grenzacherweg 237,,Genève,,1203,Switzerland,1702,141300.00,10287,2004-08-30,2004-09-06,2004-09-01,Shipped,,1128.24,5284.8,61402.0,3611.8823529411766,1318.3646696738035
299,"Norway Gifts By Mail, Co.",Klaeboe,Jan,+47 2212 1555,Drammensveien 126A,PB 211 Sentrum,Oslo,,N 0106,Norway  ,1504,95100.00,10284,2004-08-21,2004-08-29,2004-08-26,Shipped,Custom shipping instructions sent to warehouse,1180.74,6173.55,32260.160000000003,2481.550769230769,1372.693247837146
299,"Norway Gifts By Mail, Co.",Klaeboe,Jan,+47 2212 1555,Drammensveien 126A,PB 211 Sentrum,Oslo,,N 0106,Norway  ,1504,95100.00,10301,2003-10-05,2003-10-15,2003-10-08,Shipped,,896.5,6108.5,36798.88000000001,3345.3527272727283,1800.8834424087024
311,"Oulu Toy Supplies, Inc.",Koskitalo,Pirkko,981-443655,Torikatu 38,,Oulu,,90110,Finland,1501,90500.00,10151,2003-09-21,2003-09-30,2003-09-24,Shipped,,880.5,6547.6100000000015,32723.04,3272.304,1726.3044354484205
311,"Oulu Toy Supplies, Inc.",Koskitalo,Pirkko,981-443655,Torikatu 38,,Oulu,,90110,Finland,1501,90500.00,10239,2004-04-12,2004-04-21,2004-04-17,Shipped,,649.4,6367.09,16212.589999999998,3242.518,2131.676068676946
311,"Oulu Toy Supplies, Inc.",Koskitalo,Pirkko,981-443655,Torikatu 38,,Oulu,,90110,Finland,1501,90500.00,10373,2005-01-31,2005-02-08,2005-02-06,Shipped,,1105.0,4976.0,46770.52,2751.207058823529,1043.618351983645
314,Petit Auto,Dewey,Catherine ,(02) 5554 67,Rue Joseph-Bens 532,,Bruxelles,,B-1180,Belgium,1401,79900.00,10221,2004-02-18,2004-02-26,2004-02-19,Shipped,,1593.67,5539.940000000001,16901.38,3380.2760000000007,1633.4381162229565
314,Petit Auto,Dewey,Catherine ,(02) 5554 67,Rue Joseph-Bens 532,,Bruxelles,,B-1180,Belgium,1401,79900.00,10273,2004-07-21,2004-07-28,2004-07-22,Shipped,,1386.0,5301.71,57882.98,2894.149000000001,1277.9490193846996
379,Collectables For Less Inc.,Nelson,Allen,6175558555,7825 Douglas Av.,,Brickhaven,MA,58339,USA,1188,70700.00,10274,2004-07-21,2004-07-29,2004-07-22,Shipped,,1386.0,5301.71,57882.98,2894.149000000001,1277.9490193846996
320,Mini Creations Ltd.,Huang,Wing,5085559555,4575 Hillside Dr.,,New Bedford,MA,50553,USA,1188,94500.00,10143,2003-08-10,2003-08-18,2003-08-12,Shipped,Can we deliver the new Ford Mustang models by end-of-quarter?,1186.9399999999996,6530.72,41016.749999999985,2563.5468749999995,1304.128809843152
320,Mini Creations Ltd.,Huang,Wing,5085559555,4575 Hillside Dr.,,New Bedford,MA,50553,USA,1188,94500.00,10185,2003-11-14,2003-11-21,2003-11-20,Shipped,,937.2,6703.12,122337.41000000002,3219.4055263157898,1540.5717944123558
484,"Iberia Gift Imports, Corp.",Roel,José Pedro ,(95) 555 82 82,"C/ Romero, 33",,Sevilla,,41101,Spain,1702,65700.00,10184,2003-11-14,2003-11-22,2003-11-20,Shipped,,937.2,6703.12,122337.41000000002,3219.4055263157898,1540.5717944123558
489,"Double Decker Gift Stores, Ltd",Smith,Thomas ,(171) 555-7555,120 Hanover Sq.,,London,,WA1 1DP,UK,1501,43300.00,10186,2003-11-14,2003-11-20,2003-11-18,Shipped,They want to reevaluate their terms agreement with the VP of Sales,937.2,6703.12,122337.41000000002,3219.4055263157898,1540.5717944123558
320,Mini Creations Ltd.,Huang,Wing,5085559555,4575 Hillside Dr.,,New Bedford,MA,50553,USA,1188,94500.00,10365,2005-01-07,2005-01-18,2005-01-11,Shipped,,1818.52,3481.8,8307.279999999999,2769.0933333333332,856.7733089524518
321,Corporate Gift Ideas Co.,Brown,Julie,6505551386,7734 Strong St.,,San Francisco,CA,94217,USA,1165,105000.00,10162,2003-10-18,2003-10-26,2003-10-19,Shipped,,1019.35,7533.12,30876.439999999995,3087.6439999999993,2031.4902640409905
321,Corporate Gift Ideas Co.,Brown,Julie,6505551386,7734 Strong St.,,San Francisco,CA,94217,USA,1165,105000.00,10384,2005-02-23,2005-03-06,2005-02-27,Shipped,,3082.67,4392.799999999998,14155.57,3538.8925,593.165091542818
323,"Down Under Souveniers, Inc",Graham,Mike,+64 9 312 5555,162-164 Grafton Road,Level 2,Auckland  ,,,New Zealand,1612,88000.00,10132,2003-06-25,2003-07-01,2003-06-28,Shipped,,2880.0,2880.0,2880.0,2880.0,
323,"Down Under Souveniers, Inc",Graham,Mike,+64 9 312 5555,162-164 Grafton Road,Level 2,Auckland  ,,,New Zealand,1612,88000.00,10254,2004-06-03,2004-06-13,2004-06-04,Shipped,Customer requested that DHL is used for this shipping,796.0,6747.299999999998,37281.36,2867.796923076923,1683.308335958213
323,"Down Under Souveniers, Inc",Graham,Mike,+64 9 312 5555,162-164 Grafton Road,Level 2,Auckland  ,,,New Zealand,1612,88000.00,10354,2004-12-04,2004-12-10,2004-12-05,Shipped,,1373.68,7483.1399999999985,65744.72,2988.396363636364,1479.035586878427
447,Gift Ideas Corp.,Lewis,Dan,2035554407,2440 Pompton St.,,Glendale,CT,97561,USA,1323,49700.00,10353,2004-12-04,2004-12-11,2004-12-05,Shipped,,1373.68,7483.1399999999985,65744.72,2988.396363636364,1479.035586878427
323,"Down Under Souveniers, Inc",Graham,Mike,+64 9 312 5555,162-164 Grafton Road,Level 2,Auckland  ,,,New Zealand,1612,88000.00,10393,2005-03-11,2005-03-22,2005-03-14,Shipped,They want to reevaluate their terms agreement with Finance.,1762.95,5076.4,33593.32,3053.938181818182,992.9616792486827
324,"Stylish Desk Decors, Co.",Brown,Ann ,(171) 555-0297,35 King George,,London,,WX3 6FW,UK,1501,77000.00,10129,2003-06-12,2003-06-18,2003-06-14,Shipped,,1415.36,5087.7,29429.14,3269.9044444444444,1133.30767631865
324,"Stylish Desk Decors, Co.",Brown,Ann ,(171) 555-0297,35 King George,,London,,WX3 6FW,UK,1501,77000.00,10175,2003-11-06,2003-11-14,2003-11-09,Shipped,,1190.66,8045.5,99916.59,3700.6144444444453,1844.9206222456241
333,"Australian Gift Network, Co",Calaghan,Ben,61-7-3844-6555,31 Duncan St. West End,,South Brisbane,Queensland,4101,Australia,1611,51600.00,10174,2003-11-06,2003-11-15,2003-11-10,Shipped,,1190.66,8045.5,99916.59,3700.6144444444453,1844.9206222456241
386,L'ordine Souveniers,Moroni,Maurizio ,0522-556555,Strada Provinciale 124,,Reggio Emilia,,42100,Italy,1401,121400.00,10176,2003-11-06,2003-11-15,2003-11-12,Shipped,,1190.66,8045.5,99916.59,3700.6144444444453,1844.9206222456241
328,Tekni Collectables Inc.,Brown,William,2015559350,7476 Moss Rd.,,Newark,NJ,94019,USA,1323,43000.00,10233,2004-03-29,2004-04-04,2004-04-02,Shipped,Customer requested special shippment. The instructions were passed along to the warehouse,1970.26,2832.4,7178.66,2392.8866666666668,431.3179969968018
328,Tekni Collectables Inc.,Brown,William,2015559350,7476 Moss Rd.,,Newark,NJ,94019,USA,1323,43000.00,10251,2004-05-18,2004-05-24,2004-05-24,Shipped,,2558.6,7411.48,31102.85,5183.808333333333,1610.6934826268673
328,Tekni Collectables Inc.,Brown,William,2015559350,7476 Moss Rd.,,Newark,NJ,94019,USA,1323,43000.00,10401,2005-04-03,2005-04-14,,On Hold,Customer credit limit exceeded. Will ship when a payment is received.,854.04,8391.2,43525.039999999986,3627.086666666666,1915.4760304631293
333,"Australian Gift Network, Co",Calaghan,Ben,61-7-3844-6555,31 Duncan St. West End,,South Brisbane,Queensland,4101,Australia,1611,51600.00,10152,2003-09-25,2003-10-03,2003-10-01,Shipped,,1228.25,4121.95,9821.32,2455.33,1241.4343131501828
333,"Australian Gift Network, Co",Calaghan,Ben,61-7-3844-6555,31 Duncan St. West End,,South Brisbane,Queensland,4101,Australia,1611,51600.00,10374,2005-02-02,2005-02-09,2005-02-03,Shipped,,1066.12,4932.58,21432.310000000005,3572.051666666668,1390.9169910590158
334,Suominen Souveniers,Suominen,Kalle,+358 9 8045 555,Software Engineering Center,SEC Oy,Espoo,,FIN-02271,Finland,1501,98800.00,10141,2003-08-01,2003-08-09,2003-08-04,Shipped,,675.78,6257.940000000001,29716.860000000004,3301.873333333334,2005.7573100141005
334,Suominen Souveniers,Suominen,Kalle,+358 9 8045 555,Software Engineering Center,SEC Oy,Espoo,,FIN-02271,Finland,1501,98800.00,10363,2005-01-06,2005-01-12,2005-01-10,Shipped,,1093.05,5971.3499999999985,47619.90000000001,2976.2437500000005,1371.9548126517627
350,Marseille Mini Autos,Lebihan,Laurence ,91.24.4555,"12, rue des Bouchers",,Marseille,,13008,France,1337,65000.00,10364,2005-01-06,2005-01-17,2005-01-09,Shipped,,1093.05,5971.3499999999985,47619.90000000001,2976.2437500000005,1371.9548126517627
339,"Classic Gift Ideas, Inc",Cervantes,Francisca,2155554695,782 First Street,,Philadelphia,PA,71270,USA,1188,81100.00,10183,2003-11-13,2003-11-22,2003-11-15,Shipped,We need to keep in close contact with their Marketing VP. He is the decision maker for all their purchases.,1690.4,4706.8,34606.28,2883.856666666666,999.3934532717456
344,CAF Imports,Fernandez,Jesus,+34 913 728 555,Merchants House,27-30 Merchant's Quay,Madrid,,28023,Spain,1702,59600.00,10177,2003-11-07,2003-11-17,2003-11-12,Shipped,,1408.08,5776.0,31428.21000000001,2857.110000000001,1199.6710876236036
344,CAF Imports,Fernandez,Jesus,+34 913 728 555,Merchants House,27-30 Merchant's Quay,Madrid,,28023,Spain,1702,59600.00,10231,2004-03-19,2004-03-26,2004-03-25,Shipped,,7206.4299999999985,8116.5,15322.93,7661.465,643.5166683544421
347,"Men 'R' US Retailers, Ltd.",Chandler,Brian,2155554369,6047 Douglas Av.,,Los Angeles,CA,91003,USA,1166,57700.00,10160,2003-10-11,2003-10-17,2003-10-17,Shipped,,1284.78,4664.0,20452.5,3408.75,1367.5832405963447
347,"Men 'R' US Retailers, Ltd.",Chandler,Brian,2155554369,6047 Douglas Av.,,Los Angeles,CA,91003,USA,1166,57700.00,10209,2004-01-09,2004-01-15,2004-01-12,Shipped,,1752.74,5038.799999999998,21053.689999999995,2631.7112499999994,1064.275073619027
350,Marseille Mini Autos,Lebihan,Laurence ,91.24.4555,"12, rue des Bouchers",,Marseille,,13008,France,1337,65000.00,10122,2003-05-08,2003-05-16,2003-05-13,Shipped,,1047.49,6537.72,50824.66,2989.6858823529415,1558.9899009657613
353,Reims Collectables,Henriot,Paul ,26.47.1555,59 rue de l'Abbaye,,Reims,,51100,France,1337,81100.00,10121,2003-05-07,2003-05-13,2003-05-13,Shipped,,1861.76,6326.0,16700.47,3340.094,1745.0919957068168
353,Reims Collectables,Henriot,Paul ,26.47.1555,59 rue de l'Abbaye,,Reims,,51100,France,1337,81100.00,10137,2003-07-10,2003-07-20,2003-07-14,Shipped,,1046.5,5092.12,13920.26,3480.065,1727.0463154858746
353,Reims Collectables,Henriot,Paul ,26.47.1555,59 rue de l'Abbaye,,Reims,,51100,France,1337,81100.00,10359,2004-12-15,2004-12-23,2004-12-18,Shipped,,1186.25,7969.36,32600.610000000004,4075.0762500000014,2815.511830048148
353,Reims Collectables,Henriot,Paul ,26.47.1555,59 rue de l'Abbaye,,Reims,,51100,France,1337,81100.00,10398,2005-03-30,2005-04-09,2005-03-31,Shipped,,1331.88,4328.81,46656.94,2592.052222222222,949.6405834813356
357,GiftsForHim.com,MacKinlay,Wales,64-9-3763555,199 Great North Road,,Auckland,,,New Zealand,1612,77700.00,10260,2004-06-16,2004-06-22,,Cancelled,Customer heard complaints from their customers and called to cancel this order. Will notify the Sales Manager.,1181.04,8316.34,37769.38000000001,3776.938000000001,2364.287864475616
357,GiftsForHim.com,MacKinlay,Wales,64-9-3763555,199 Great North Road,,Auckland,,,New Zealand,1612,77700.00,10410,2005-04-29,2005-05-10,2005-04-30,Shipped,,1319.36,8127.28,36442.34,4049.1488888888894,2161.60123217399
362,Gifts4AllAges.com,Yoshido,Juri,6175559555,8616 Spinnaker Dr.,,Boston,MA,51003,USA,1216,41900.00,10264,2004-06-30,2004-07-06,2004-07-01,Shipped,Customer will send a truck to our local warehouse on 7/1/2004,780.4000000000002,3533.4600000000005,18473.71,2639.101428571429,939.4666572126366
362,Gifts4AllAges.com,Yoshido,Juri,6175559555,8616 Spinnaker Dr.,,Boston,MA,51003,USA,1216,41900.00,10414,2005-05-06,2005-05-13,,On Hold,Customer credit limit exceeded. Will ship when a payment is received.,1904.64,5597.759999999998,50806.84999999999,3629.0607142857143,1185.3712583533568
363,Online Diecast Creations Co.,Young,Dorothy,6035558647,2304 Long Airport Avenue,,Nashua,NH,62005,USA,1216,114200.00,10100,2003-01-06,2003-01-13,2003-01-10,Shipped,,1660.12,4080.0,10223.829999999998,2555.9574999999995,1132.5724290709475
363,Online Diecast Creations Co.,Young,Dorothy,6035558647,2304 Long Airport Avenue,,Nashua,NH,62005,USA,1216,114200.00,10322,2004-11-04,2004-11-12,2004-11-10,Shipped,Customer has worked with some of our vendors in the past and is aware of their MSRP,531.0,7200.4,99155.56000000004,3419.1572413793115,1704.6122549631893
462,FunGiftIdeas.com,Benitez,Violeta,5085552555,1785 First Street,,New Bedford,MA,50553,USA,1216,85800.00,10321,2004-11-04,2004-11-12,2004-11-07,Shipped,,531.0,7200.4,99155.56000000004,3419.1572413793115,1704.6122549631893
379,Collectables For Less Inc.,Nelson,Allen,6175558555,7825 Douglas Av.,,Brickhaven,MA,58339,USA,1188,70700.00,10147,2003-09-05,2003-09-12,2003-09-09,Shipped,,830.7499999999999,7751.52,32680.31,2970.937272727273,1926.9213659726286
381,Royale Belge,Cartrain,Pascale ,(071) 23 67 2555,"Boulevard Tirou, 255",,Charleroi,,B-6000,Belgium,1401,23500.00,10116,2003-04-11,2003-04-19,2003-04-13,Shipped,,1627.56,1627.56,1627.56,1627.56,
381,Royale Belge,Cartrain,Pascale ,(071) 23 67 2555,"Boulevard Tirou, 255",,Charleroi,,B-6000,Belgium,1401,23500.00,10144,2003-08-13,2003-08-21,2003-08-14,Shipped,,1128.1999999999996,1128.1999999999996,1128.1999999999996,1128.1999999999996,
381,Royale Belge,Cartrain,Pascale ,(071) 23 67 2555,"Boulevard Tirou, 255",,Charleroi,,B-6000,Belgium,1401,23500.00,10338,2004-11-22,2004-12-02,2004-11-27,Shipped,,2264.08,5624.79,12081.52,4027.1733333333336,1686.45480859504
381,Royale Belge,Cartrain,Pascale ,(071) 23 67 2555,"Boulevard Tirou, 255",,Charleroi,,B-6000,Belgium,1401,23500.00,10366,2005-01-10,2005-01-19,2005-01-12,Shipped,,3966.1,5239.4,14379.9,4793.3,717.1130524540739
382,Salzburg Collectables,Pipps,Georg ,6562-9555,Geislweg 14,,Salzburg,,5020,Austria,1401,71700.00,10119,2003-04-28,2003-05-05,2003-05-02,Shipped,,1126.16,6509.34,35826.33,2559.0235714285714,1526.1410442914112
382,Salzburg Collectables,Pipps,Georg ,6562-9555,Geislweg 14,,Salzburg,,5020,Austria,1401,71700.00,10269,2004-07-16,2004-07-22,2004-07-18,Shipped,,1838.72,4581.12,6419.84,3209.92,1939.1696367259879
382,Salzburg Collectables,Pipps,Georg ,6562-9555,Geislweg 14,,Salzburg,,5020,Austria,1401,71700.00,10419,2005-05-17,2005-05-28,2005-05-19,Shipped,,481.5,7863.8,52420.07000000001,3744.290714285715,2064.005663925086
385,Cruz & Sons Co.,Cruz,Arnold,+63 2 555 3587,15 McCallum Street,NatWest Center #13-03,Makati City,,1227 MM,Philippines,1621,81500.00,10108,2003-03-03,2003-03-12,2003-03-08,Shipped,,977.67,6154.280000000002,51001.22,3187.57625,1482.518057076653
385,Cruz & Sons Co.,Cruz,Arnold,+63 2 555 3587,15 McCallum Street,NatWest Center #13-03,Makati City,,1227 MM,Philippines,1621,81500.00,10198,2003-11-27,2003-12-06,2003-12-03,Shipped,,1668.87,6292.02,20644.24,3440.706666666667,1577.4763044263666
385,Cruz & Sons Co.,Cruz,Arnold,+63 2 555 3587,15 McCallum Street,NatWest Center #13-03,Makati City,,1227 MM,Philippines,1621,81500.00,10330,2004-11-16,2004-11-25,2004-11-21,Shipped,,1712.74,6695.999999999999,15822.84,3955.71,2331.9061402780912
386,L'ordine Souveniers,Moroni,Maurizio ,0522-556555,Strada Provinciale 124,,Reggio Emilia,,42100,Italy,1401,121400.00,10266,2004-07-06,2004-07-14,2004-07-10,Shipped,,1127.0,8304.119999999999,51619.02,3441.268,1951.9212635108295
386,L'ordine Souveniers,Moroni,Maurizio ,0522-556555,Strada Provinciale 124,,Reggio Emilia,,42100,Italy,1401,121400.00,10416,2005-05-10,2005-05-16,2005-05-14,Shipped,,1064.4,4268.54,35362.26,2525.8757142857144,1072.7480033985637
398,"Tokyo Collectables, Ltd",Shimamura,Akiko,+81 3 3584 0555,2-2-8 Roppongi,,Minato-ku,Tokyo,106-0032,Japan,1621,94400.00,10339,2004-11-23,2004-11-30,2004-11-30,Shipped,,1173.48,6948.629999999999,48927.63999999999,3057.9774999999995,1532.9291479973886
398,"Tokyo Collectables, Ltd",Shimamura,Akiko,+81 3 3584 0555,2-2-8 Roppongi,,Minato-ku,Tokyo,106-0032,Japan,1621,94400.00,10372,2005-01-26,2005-02-05,2005-01-28,Shipped,,1363.68,5862.0,33967.73,3774.1922222222224,1486.5750196321897
398,"Tokyo Collectables, Ltd",Shimamura,Akiko,+81 3 3584 0555,2-2-8 Roppongi,,Minato-ku,Tokyo,106-0032,Japan,1621,94400.00,10408,2005-04-22,2005-04-29,2005-04-27,Shipped,,546.66,10723.6,52844.99999999999,4065.0,2944.4177900959194
450,The Sharp Gifts Warehouse,Frick,Sue,4085553659,3086 Ingle Ln.,,San Jose,CA,94217,USA,1165,77600.00,10407,2005-04-22,2005-05-04,,On Hold,Customer credit limit exceeded. Will ship when a payment is received.,546.66,10723.6,52844.99999999999,4065.0,2944.4177900959194
406,Auto Canal+ Petit,Perrier,Dominique,(1) 47.55.6555,"25, rue Lauriston",,Paris,,75016,France,1337,95000.00,10211,2004-01-15,2004-01-25,2004-01-18,Shipped,,1308.93,7020.02,49165.16,3277.677333333333,1602.5785223261146
406,Auto Canal+ Petit,Perrier,Dominique,(1) 47.55.6555,"25, rue Lauriston",,Paris,,75016,France,1337,95000.00,10252,2004-05-26,2004-06-04,2004-05-29,Shipped,,1303.56,5966.3200000000015,25080.96,2786.773333333333,1435.7240454819305
406,Auto Canal+ Petit,Perrier,Dominique,(1) 47.55.6555,"25, rue Lauriston",,Paris,,75016,France,1337,95000.00,10402,2005-04-07,2005-04-14,2005-04-12,Shipped,,3198.25,5352.3,12190.85,4063.6166666666654,1137.708486754552
412,"Extreme Desk Decorations, Ltd",McRoy,Sarah,04 499 9555,101 Lambton Quay,Level 11,Wellington,,,New Zealand,1612,86800.00,10234,2004-03-30,2004-04-05,2004-04-02,Shipped,,1627.25,7332.5,31670.37,3518.93,1892.484436309848
412,"Extreme Desk Decorations, Ltd",McRoy,Sarah,04 499 9555,101 Lambton Quay,Level 11,Wellington,,,New Zealand,1612,86800.00,10268,2004-07-12,2004-07-18,2004-07-14,Shipped,,1051.38,6229.5,35034.57,3184.960909090909,1973.825513339285
412,"Extreme Desk Decorations, Ltd",McRoy,Sarah,04 499 9555,101 Lambton Quay,Level 11,Wellington,,,New Zealand,1612,86800.00,10418,2005-05-16,2005-05-24,2005-05-20,Shipped,,662.9000000000002,5000.5,23627.44,2625.271111111111,1408.5720011544
415,"Bavarian Collectables Imports, Co.",Donnermeyer,Michael, +49 89 61 08 9555,Hansastr. 15,,Munich,,80686,Germany,1504,77000.00,10296,2004-09-15,2004-09-22,2004-09-16,Shipped,,980.28,5279.4000000000015,31310.09,2236.435,1121.4601237723698
424,Classic Legends Inc.,Hernandez,Maria,2125558493,5905 Pompton St.,Suite 750,NYC,NY,10022,USA,1286,67500.00,10115,2003-04-04,2003-04-12,2003-04-07,Shipped,,2662.08,6477.26,21665.980000000003,4333.196000000001,1638.8860496935108
424,Classic Legends Inc.,Hernandez,Maria,2125558493,5905 Pompton St.,Suite 750,NYC,NY,10022,USA,1286,67500.00,10163,2003-10-20,2003-10-27,2003-10-24,Shipped,,2878.08,4455.36,22042.37,3673.728333333333,611.3672521951651
424,Classic Legends Inc.,Hernandez,Maria,2125558493,5905 Pompton St.,Suite 750,NYC,NY,10022,USA,1286,67500.00,10337,2004-11-21,2004-11-30,2004-11-26,Shipped,,1144.08,5067.0,25505.980000000003,2833.9977777777776,1091.758684803764
447,Gift Ideas Corp.,Lewis,Dan,2035554407,2440 Pompton St.,,Glendale,CT,97561,USA,1323,49700.00,10146,2003-09-03,2003-09-13,2003-09-06,Shipped,,2834.1,3797.26,6631.36,3315.68,681.0569673676349
448,Scandinavian Gift Ideas,Larsson,Martha,0695-34 6555,Åkergatan 24,,Bräcke,,S-844 67,Sweden,1504,116400.00,10167,2003-10-23,2003-10-30,,Cancelled,Customer called to cancel. The warehouse was notified in time and the order didn't ship. They have a new VP of Sales and are shifting their sales model. Our VP of Sales should contact them.,1151.01,6102.56,44167.09,2760.443125,1351.7541604089542
448,Scandinavian Gift Ideas,Larsson,Martha,0695-34 6555,Åkergatan 24,,Bräcke,,S-844 67,Sweden,1504,116400.00,10389,2005-03-03,2005-03-09,2005-03-08,Shipped,,1107.5400000000004,5947.0,58260.31000000001,3641.269375,1460.3205862160028
462,FunGiftIdeas.com,Benitez,Violeta,5085552555,1785 First Street,,New Bedford,MA,50553,USA,1216,85800.00,10388,2005-03-03,2005-03-11,2005-03-09,Shipped,,1107.5400000000004,5947.0,58260.31000000001,3641.269375,1460.3205862160028
450,The Sharp Gifts Warehouse,Frick,Sue,4085553659,3086 Ingle Ln.,,San Jose,CA,94217,USA,1165,77600.00,10250,2004-05-11,2004-05-19,2004-05-15,Shipped,,1319.7599999999998,6670.3499999999985,42798.08,3057.005714285715,1251.0762724809524
450,The Sharp Gifts Warehouse,Frick,Sue,4085553659,3086 Ingle Ln.,,San Jose,CA,94217,USA,1165,77600.00,10257,2004-06-14,2004-06-24,2004-06-15,Shipped,,2373.02,4609.5,16753.300000000007,3350.660000000001,861.6621314645315
450,The Sharp Gifts Warehouse,Frick,Sue,4085553659,3086 Ingle Ln.,,San Jose,CA,94217,USA,1165,77600.00,10400,2005-04-01,2005-04-11,2005-04-04,Shipped,Customer requested that DHL is used for this shipping,834.2,8616.96,62009.08999999997,3647.593529411764,1905.391532146153
496,Kelly's Gift Shop,Snowden,Tony,+64 9 5555500,Arenales 1938 3'A',,Auckland  ,,,New Zealand,1612,110000.00,10399,2005-04-01,2005-04-12,2005-04-03,Shipped,,834.2,8616.96,62009.08999999997,3647.593529411764,1905.391532146153
452,Mini Auto Werke,Mendel,Roland ,7675-3555,Kirchgasse 6,,Graz,,8010,Austria,1401,45300.00,10164,2003-10-21,2003-10-30,2003-10-23,Resolved,"This order was disputed, but resolved on 11/1/2003; Customer doesn't like the colors and precision of the models.",1157.25,5960.36,37099.749999999985,3372.7045454545455,1597.8917038232826
462,FunGiftIdeas.com,Benitez,Violeta,5085552555,1785 First Street,,New Bedford,MA,50553,USA,1216,85800.00,10166,2003-10-21,2003-10-30,2003-10-27,Shipped,,1157.25,5960.36,37099.749999999985,3372.7045454545455,1597.8917038232826
452,Mini Auto Werke,Mendel,Roland ,7675-3555,Kirchgasse 6,,Graz,,8010,Austria,1401,45300.00,10392,2005-03-10,2005-03-18,2005-03-12,Shipped,,2264.77,3535.92,8807.119999999999,2935.7066666666665,638.5193207987785
455,Super Scale Inc.,Murphy,Leslie,2035559545,567 North Pendale Street,,New Haven,CT,97823,USA,1286,95400.00,10245,2004-05-04,2004-05-12,2004-05-09,Shipped,,2196.0,6630.34,32239.47,3582.163333333333,1404.282360567133
456,Microscale Inc.,Choi,Yu,2125551957,5290 North Pendale Street,Suite 200,NYC,NY,10022,USA,1286,39800.00,10242,2004-04-20,2004-04-28,2004-04-25,Shipped,Customer is interested in buying more Ferrari models,1679.92,1679.92,1679.92,1679.92,
458,"Corrida Auto Replicas, Ltd",Sommer,Martín ,(91) 555 22 82,"C/ Araquil, 67",,Madrid,,28023,Spain,1702,104600.00,10126,2003-05-28,2003-06-07,2003-06-02,Shipped,,1613.3,7817.74,57131.92,3360.7011764705876,1473.291732557924
458,"Corrida Auto Replicas, Ltd",Sommer,Martín ,(91) 555 22 82,"C/ Araquil, 67",,Madrid,,28023,Spain,1702,104600.00,10214,2004-01-26,2004-02-04,2004-01-29,Shipped,,643.8,8353.0,22162.61,3166.087142857143,2723.1990744019813
471,"Australian Collectables, Ltd",Clenahan,Sean,61-9-3844-6555,7 Allen Street,,Glen Waverly,Victoria,3150,Australia,1611,60300.00,10193,2003-11-21,2003-11-28,2003-11-27,Shipped,,836.9399999999998,5090.36,35505.63,2219.101875,1077.6318103954843
471,"Australian Collectables, Ltd",Clenahan,Sean,61-9-3844-6555,7 Allen Street,,Glen Waverly,Victoria,3150,Australia,1611,60300.00,10265,2004-07-02,2004-07-09,2004-07-07,Shipped,,3365.1,6050.03,9415.13,4707.565,1898.5322100111969
471,"Australian Collectables, Ltd",Clenahan,Sean,61-9-3844-6555,7 Allen Street,,Glen Waverly,Victoria,3150,Australia,1611,60300.00,10415,2005-05-09,2005-05-20,2005-05-12,Disputed,Customer claims the scales of the models don't match what was discussed. I keep all the paperwork though to prove otherwise,1076.94,4427.31,10945.26,2189.052,1345.1177588486446
473,Frau da Collezione,Ricotti,Franco,+39 022515555,20093 Cologno Monzese,Alessandro Volta 16,Milan,,,Italy,1401,34800.00,10157,2003-10-09,2003-10-15,2003-10-14,Shipped,,1579.48,5239.68,17746.260000000002,2957.7100000000005,1307.0906489146041
473,Frau da Collezione,Ricotti,Franco,+39 022515555,20093 Cologno Monzese,Alessandro Volta 16,Milan,,,Italy,1401,34800.00,10218,2004-02-09,2004-02-16,2004-02-11,Shipped,"Customer requested that ad materials (such as posters, pamphlets) be included in the shippment",2430.12,5181.94,7612.059999999998,3806.03,1945.830582604765
475,West Coast Collectables Co.,Thompson,Steve,3105553722,3675 Furth Circle,,Burbank,CA,94019,USA,1166,55400.00,10215,2004-01-29,2004-02-08,2004-02-01,Shipped,Customer requested that FedEx Ground is used for this shipping,1742.51,7200.549999999998,36070.47,3607.047,1719.545410411652
484,"Iberia Gift Imports, Corp.",Roel,José Pedro ,(95) 555 82 82,"C/ Romero, 33",,Sevilla,,41101,Spain,1702,65700.00,10303,2004-10-06,2004-10-14,2004-10-09,Shipped,Customer inquired about remote controlled models and gold models.,856.8000000000002,2617.86,3474.66,1737.33,1245.2574680763812
486,Motor Mint Distributors Inc.,Salazar,Rosa,2155559857,11328 Douglas Av.,,Philadelphia,PA,71270,USA,1323,72600.00,10109,2003-03-10,2003-03-19,2003-03-11,Shipped,Customer requested that FedEx Ground is used for this shipping,930.9,7400.02,25833.14,4305.5233333333335,2323.952540906691
486,Motor Mint Distributors Inc.,Salazar,Rosa,2155559857,11328 Douglas Av.,,Philadelphia,PA,71270,USA,1323,72600.00,10236,2004-04-03,2004-04-11,2004-04-08,Shipped,,1212.1,2358.36,5899.380000000001,1966.4600000000007,653.4607376116792
487,Signal Collectibles Ltd.,Taylor,Sue,4155554312,2793 Furth Circle,,Brisbane,CA,94217,USA,1165,60300.00,10149,2003-09-12,2003-09-18,2003-09-17,Shipped,,1002.82,5317.6,29997.090000000004,2727.008181818182,1568.1962734225467
487,Signal Collectibles Ltd.,Taylor,Sue,4155554312,2793 Furth Circle,,Brisbane,CA,94217,USA,1165,60300.00,10219,2004-02-10,2004-02-17,2004-02-12,Shipped,,653.52,5702.66,12573.28,3143.32,2374.138863279343
489,"Double Decker Gift Stores, Ltd",Smith,Thomas ,(171) 555-7555,120 Hanover Sq.,,London,,WA1 1DP,UK,1501,43300.00,10213,2004-01-22,2004-01-28,2004-01-27,Shipped,Difficult to negotiate with customer. We need more marketing materials,1461.0,3217.46,7310.42,2436.806666666667,894.3442013751379
495,Diecast Collectables,Franco,Valarie,6175552555,6251 Ingle Ln.,,Boston,MA,51003,USA,1188,85100.00,10207,2003-12-09,2003-12-17,2003-12-11,Shipped,Check on availability.,1291.92,6195.64,59265.14,3704.07125,1564.2270889734436
495,Diecast Collectables,Franco,Valarie,6175552555,6251 Ingle Ln.,,Boston,MA,51003,USA,1188,85100.00,10243,2004-04-26,2004-05-03,2004-04-28,Shipped,,1018.71,5257.89,6276.6,3138.3,2997.5529246703886
496,Kelly's Gift Shop,Snowden,Tony,+64 9 5555500,Arenales 1938 3'A',,Auckland  ,,,New Zealand,1612,110000.00,10138,2003-07-07,2003-07-16,2003-07-13,Shipped,,730.18,4936.8,32077.44,2467.4953846153853,1382.146181213691
496,Kelly's Gift Shop,Snowden,Tony,+64 9 5555500,Arenales 1938 3'A',,Auckland  ,,,New Zealand,1612,110000.00,10360,2004-12-16,2004-12-22,2004-12-18,Shipped,,1675.55,6307.5,52166.00000000002,2898.111111111112,1050.0578295441294
